stt,sample_id,ngu_canh,phat_bieu,nhan_dinh,ghi_chu
1,viwikifc_train_11312,"Ở cấp độ khu vực, tiếng Pháp được thừa nhận là ngôn ngữ chính thức ở vùng Thung lũng Aosta của Ý, nơi nó là ngôn ngữ đầu tiên của khoảng 30% dân số, trong khi các phương ngữ tiếng Pháp vẫn được các dân tộc thiểu số trên Quần đảo Channel sử dụng. Nó cũng được nói ở Andorra và là ngôn ngữ chính sau tiếng Catalan ở El Pas de la Casa. Tiếng Pháp là ngôn ngữ thứ hai được dạy chủ đạo từ bậc mẫu giáo ở vùng Saarland của Đức và hơn 43% công dân có thể nói tiếng Pháp.","Tiếng Pháp còn được nói ở Andorra, ngoài ra còn là ngôn ngữ chính sau tiếng Catalan ở EI Pas de la Casa.",khong,
2,viwikifc_train_11488,"Nền văn minh trở nên phức tạp kéo theo làm phức tạp về tôn giáo, và dạng đầu tiên cũng bắt nguồn từ giai đoạn này. Các thực thể như mặt trời, mặt trăng, Trái Đất, bầu trời và biển thường được tôn sùng. Các đền thờ được xây dựng, phát triển, và dần hoàn thiện với hệ thống cấp bậc như linh mục,thầy tế và các chức danh khác. Điển hình của thời kỳ đồ đá này là có xu hướng thờ các vị thần mang hình dáng con người. Trong số những văn bản kinh tôn giáo lâu đời nhất còn tồn tại là các văn bản kim tự tháp Ai Cập (khoảng giữa 2400 đến 2300 TCN). Một số nhà khảo cổ học cho rằng, dựa trên dấu tích khai quật được ở ngôi đền Göbekli Tepe (Potbelly Hill) ở miền nam Thổ Nhĩ Kỳ, có niên đại từ 11500 năm trước, tôn giáo hình thành trước khi xảy ra cuộc cách mạng nông nghiệp chứ không phải sau như suy nghĩ trước đó.",Văn bản tôn giáo ở Ai Cập được hình thành từ đại cách mạng công nghiệp.,ngoai_lai,
3,viwikifc_dev_1339,"Năm 1932: Nghị định số 156-SC ngày 15 tháng 6 năm 1932 của Toàn quyền Đông Dương Pierre Marie Antoine Pasquier về việc thiết lập quần đảo Hoàng Sa (Paracels) thành một đơn vị hành chánh, sáp nhập với tỉnh Thừa Thiên. Pháp lần lượt đặt một trạm khí tượng trên đảo Phú Lâm (tiếng Pháp: île Boisée) mang số hiệu 48859 và một trạm khí tượng trên đảo Hoàng Sa (tiếng Pháp: île de Pattle) mang số hiệu 48860.",Phú Lâm là nổi tiếng về đặc sản món ăn ba khía.,ngoai_lai,
4,viwikifc_train_12069,"Cộng hòa Dân chủ Nhân dân Triều Tiên chiếm phần phía bắc của Bán đảo Triều Tiên, trải dài 1.100 kilômét (685 dặm), nằm giữa vĩ độ 37 ° và 43 ° B, và kinh độ 124 ° và 131 ° Đ. Quốc gia có diện tích 120.540 km2 (46.541 dặm vuông). Triều Tiên có biên giới phía bắc với Trung Quốc và Nga dọc theo sông Áp Lục và sông Đồ Môn và giáp Hàn Quốc ở phía nam dọc theo khu phi quân sự Triều Tiên. Phía tây của Triều Tiên giáp biển Hoàng Hải và Vịnh Triều Tiên, còn về phía đông là Biển Nhật Bản (Biển Đông Triều Tiên).",Do giáp hai phía là biển và vịnh nên Triều Tiên rất phát triển ngành đánh bắt hải sản.,ngoai_lai,
5,viwikifc_test_1913,"Nam Á chỉ vùng đất phía nam của châu Á, gồm Ấn Độ, Afghanistan, Maldives, Bhutan, Sri Lanka, Pakistan, Bangladesh và Nepal. Diện tích khoảng 5,1 triệu kilômét vuông. Dân số 1,8 tỉ. Vùng đất phía bắc trong khu vực này là vùng núi của chân núi phía nam mạch núi Himalaya, bán đảo Ấn Độ ở phía nam là cao nguyên Deccan, giữa vùng núi phía bắc và cao nguyên Deccan là đồng bằng sông Ấn Độ - sông Hằng. Đồng bằng ở phía bắc và ở giữa về cơ bản thuộc về khí hậu rừng rậm bán nhiệt đới, cao nguyên Deccan và phía bắc Sri Lanka thuộc về khí hậu thảo nguyên nhiệt đới, đoạn tây nam của bán đảo Ấn Độ, phía nam Sri Lanka và toàn bộ Maldives thuộc về khí hậu rừng mưa nhiệt đới, đồng bằng sông Ấn Độ thuộc về khí hậu thảo nguyên hoặc sa mạc á nhiệt đới. Lấy sắt, mangan, than đá làm tài nguyên khoáng sản phong phú nhất. Nam Á là chỗ sản sinh bắt nguồn thực vật vun trồng như xoài, thầu dầu, cà tím, chuối rừng, cây mía và củ sen. Cây đay vàng (Corchorus capsularis L) và lá trà chiếm chừng 1/2 tổng sản lượng thế giới. Sản lượng của gạo, đậu phộng, mè, cải dầu, mía, bông sợi, cao su, lúa tẻ hột nhỏ, dừa sấy khô có vị trí trọng yếu trên thế giới.",Cao nguyên Deccan có khí hậu mát mẻ hơn do giáp biển.,ngoai_lai,
6,viwikifc_train_14445,"Nhật Bản là một nước theo hệ thống quân chủ lập hiến, quyền lực của Thiên hoàng (天皇, Tennō) vì vậy rất hạn chế. Theo hiến pháp, Thiên hoàng được quy định là một ""biểu tượng của Quốc gia và của sự hòa hợp dân tộc"" mang tính hình thức lễ nghi. Quyền điều hành đất nước chủ yếu được trao cho Thủ tướng và những nghị sĩ do dân bầu ra. Đương kim Thiên hoàng Đức Nhân đứng đầu Hoàng gia Nhật Bản; cháu trai ông, Du Nhân Thân vương, là người trong danh sách tiếp theo kế vị triều đại Ngai vàng Hoa cúc.",Thủ tướng chỉ có thể điều hành những công việc liên quan tới an sinh của người dân.,ngoai_lai,
7,viwikifc_train_15477,"Năm 2019, GRDP toàn tỉnh tăng trưởng 9,03% so với năm 2018, GRDP thực tế đạt 88.258 tỉ đồng, cơ cấu kinh tế chuyển dịch đúng hướng. Thu ngân sách ước đạt 15.500 tỷ đồng, đạt 114,8% dự toán và tăng 10,2% so với thực hiện năm 2018. Chi ngân sách năm 2019 ước đạt 24.945,44 tỷ đồng, đạt 102,5% dự toán.","Theo dự toán, ngân sách thu được khoảng 13501 tỉ đồng.",khong,
8,viwikifc_dev_1674,"Việt Nam có tỷ lệ tội phạm ở mức thấp hơn một số quốc gia phát triển. Năm Cam, Khánh Trắng là một số ví dụ về băng nhóm tội phạm có tổ chức.",Một số nước phát triển trên thế giới có tỷ lệ tội phạm cao hơn Việt Nam.,khong,
9,viwikifc_train_10726,"Hầu như 67% diện tích Trung Quốc là cao nguyên và núi cao; ở phía tây, cao nguyên Thanh Hải - Tây Tạng chiếm hơn 25% diện tích đất nước. Tuy độ cao trung bình của cao nguyên này là 4000m, thế nhưng từ bề mặt có các hồ nằm rải rác đó đây các dãy núi vươn cao tới hơn 6000m. Trong số 12 đỉnh núi cao nhất thế giới, Trung Quốc có đến tám đỉnh. Dọc theo ven rìa phía bắc của cao nguyên Thanh Hải - Tây Tạng là dãy núi Côn Luân. Ven ría phía nam là dãy Himalaya (Hi Mã Lạp Sơn), tạo thành biên giới giữa Trung Quốc và Nepal. Các đỉnh núi cao có tuyết phủ quanh năm. Băng giá và nhiều loại băng tích đã khắc họa nên quang cảnh núi cao kì thú.","Những khối băng này tạo ra một quang cảnh tuyệt đẹp, với màu xanh sâu và kiểu dáng hùng vĩ.",ngoai_lai,
10,viwikifc_train_762,"Sau thời nhà Ngô đến thời nhà Đinh, Việt Nam chính thức có quốc hiệu sau ngàn năm Bắc thuộc là Đại Cồ Việt. Sang thời Lý, quốc hiệu được đổi là Đại Việt. Trong hơn 400 năm qua các triều đại Tiền Lê, Lý và Trần, Đại Việt đều đánh thắng các cuộc xâm lăng của các triều đại Trung Quốc.","Sau Đại Cồ Việt, quốc hiệu bị thay đổi nhiều lần và cuối cùng là Việt Nam ngày nay.",ngoai_lai,
11,viwikifc_dev_895,"Nam Á chỉ vùng đất phía nam của châu Á, gồm Ấn Độ, Afghanistan, Maldives, Bhutan, Sri Lanka, Pakistan, Bangladesh và Nepal. Diện tích khoảng 5,1 triệu kilômét vuông. Dân số 1,8 tỉ. Vùng đất phía bắc trong khu vực này là vùng núi của chân núi phía nam mạch núi Himalaya, bán đảo Ấn Độ ở phía nam là cao nguyên Deccan, giữa vùng núi phía bắc và cao nguyên Deccan là đồng bằng sông Ấn Độ - sông Hằng. Đồng bằng ở phía bắc và ở giữa về cơ bản thuộc về khí hậu rừng rậm bán nhiệt đới, cao nguyên Deccan và phía bắc Sri Lanka thuộc về khí hậu thảo nguyên nhiệt đới, đoạn tây nam của bán đảo Ấn Độ, phía nam Sri Lanka và toàn bộ Maldives thuộc về khí hậu rừng mưa nhiệt đới, đồng bằng sông Ấn Độ thuộc về khí hậu thảo nguyên hoặc sa mạc á nhiệt đới. Lấy sắt, mangan, than đá làm tài nguyên khoáng sản phong phú nhất. Nam Á là chỗ sản sinh bắt nguồn thực vật vun trồng như xoài, thầu dầu, cà tím, chuối rừng, cây mía và củ sen. Cây đay vàng (Corchorus capsularis L) và lá trà chiếm chừng 1/2 tổng sản lượng thế giới. Sản lượng của gạo, đậu phộng, mè, cải dầu, mía, bông sợi, cao su, lúa tẻ hột nhỏ, dừa sấy khô có vị trí trọng yếu trên thế giới.",Bông sợi ở Nam Á được tiêu dùng rộng rãi trên toàn thế giới.,ngoai_lai,
12,viwikifc_train_14110,"Ngành công nghiệp điện ảnh Ấn Độ tạo ra nghệ thuật điện ảnh đông người xem nhất thế giới. Các truyền thống điện ảnh địa phương tồn tại trong các ngôn ngữ gồm Assam, Bengal, Hindi, Kannada, Malayalam, Punjab, Gujarat, Marath, Oriya, Tamil, và Telugu. Điện ảnh nam bộ Ấn Độ chiếm tới 75% doanh thu phim toàn quốc. Truyền hình tại Ấn Độ khởi đầu từ năm 1959 như một phương tiện truyền thông quốc doanh, và được mở rộng chậm chạp trong hai thập niên sau. Sự độc quyền của nhà nước đối với truyền hình kết thúc vào thập niên 1990, và kể từ đó các kênh truyền hình vệ tinh ngày càng góp phần hình thành văn hóa đại chúng của xã hội Ấn Độ. Ngày nay, truyền hình là phương tiện truyền thông đi sâu vào xã hội Ấn Độ nhất; các ước tính cho thấy vào năm 2012 có trên 554 triệu khán giả truyền hình, 462 triệu có kết nối vệ tinh hoặc/và kết nối cáp, lớn hơn các loại hình truyền thông đại chúng khác như báo chí (350 triệu), phát thanh (156 triệu) hay internet (37 triệu).",Dạng phương tiện truyền thông mà tại đó Xã hội Ấn Độ được khai thác một cách sâu sắc nhất đó là truyền hình,noi_tai,
13,viwikifc_dev_2039,"Ngư nghiệp: Trước đây ngư dân và tàu bè Việt Nam vẫn tự do đánh cá và đi lại và trong vùng biển chung quanh quần đảo Hoàng Sa. Nhưng kể từ khi Trung Quốc tấn công lực lượng đồn trú của hải quân Việt Nam Cộng Hòa và chiếm quần đảo này ngày 19 tháng 1 năm 1974, thì các hoạt động mang tính dân sự của tàu thuyền Việt Nam trong vùng biển Hoàng Sa có thể bị lực lượng hải quân và cảnh sát biển Trung Quốc đe dọa. Việc này đã dẫn đến một số sự kiện mà trước đây chưa hề xảy ra khi Việt Nam còn kiểm soát quần đảo Hoàng Sa. Điển hình là ngày 18 đến 20, tháng 12 năm 2004, hải quân Trung Quốc dùng tàu tuần dương tông vào các tàu đánh cá Việt Nam khiến cho 23 ngư dân Đà Nẵng và Quảng Ngãi chết, 6 người bị thương, đồng thời bắt giữ 9 tàu đánh cá và 80 ngư dân khác. Ngày 27 tháng 6 năm 2006, 18 chiếc tàu đánh cá của Việt Nam neo đậu tại phía bắc quần đảo Hoàng Sa để tránh bão, thì bị một chiếc tàu lạ tấn công, cướp bóc, và xua đuổi không cho họ ở lại tránh bão. Ngày 27 tháng 6 năm 2007, một tàu đánh cá Việt Nam bị Trung Quốc tấn công làm 6 người bị thương, khi họ vào tránh gió ở đảo Phú Lâm thuộc quần đảo Hoàng Sa. Sáng 27 tháng 9 năm 2009, 17 tàu của ngư dân Việt Nam (13 chiếc của xã An Hải, Lý Sơn; 4 chiếc của Bình Châu) giương cờ trắng chạy vào đảo Hữu Nhật tránh bão, đã bị lính Trung Quốc nổ súng xua đuổi, rồi bị cướp, đánh đòn, tra tấn",Việc này đã xuất hiện rất nhiều lần khi Việt Nam làm chủ Hoàng Sa.,noi_tai,
14,viwikifc_train_10106,"Khi trở về nước năm 1932, Bảo Đại đã mong muốn cải cách xã hội Việt Nam nhưng phong trào này đã chết yểu bởi sự đối địch với các quan Thượng thư của ông như Phạm Quỳnh và Ngô Đình Khả, cũng như sự chống đối của giới bảo thủ và chính phủ bảo hộ Pháp. Nhà vua nản lòng sớm, chuyển sang tiêu khiển bằng bơi thuyền và săn bắn. Trước thực tế nhà Nguyễn không còn khả năng chống Pháp, nhiều đảng phái cách mạng được tổ chức để đánh đuổi người Pháp. Việt Nam chi bộ của hội Á Tế Á Áp bức Nhược tiểu Dân tộc do Nguyễn Ái Quốc thành lập ở Quảng Đông. Năm 1926, Tân Việt Cách mạng Đảng hoạt động ở Hà Tĩnh và Sài Gòn. Năm 1927, Phạm Tuấn Tài, Hoàng Phạm Trân, Nguyễn Thái Học lập ra Việt Nam Quốc dân Đảng. Năm 1928, Tạ Thu Thâu và Nguyễn An Ninh lập Đệ tứ Quốc tế. Năm 1930, Việt Nam Cách mạng Đồng chí Hội đổi ra Đông Dương Cộng sản Đảng.",Nhiều đảng phái cách mạng được tổ chức để cùng với nhà Nguyễn đánh đuổi người Pháp.,noi_tai,
15,viwikifc_train_4199,"Thái Bình Dương mỗi một chữ xuất hiện trước nhất vào niên đại 20 thế kỉ XVI, do nhà hàng hải trưởng quốc tịch Bồ Đào Nha Fernão de Magalhães và đội thuyền tàu của ông đặt tên đầu tiên. Ngày 20 tháng 9 năm 1519, nhà hàng hải Magalhães chỉ huy dẫn đạo đội thám hiểm do 270 thủy thủ hợp thành khởi hành từ Tây Ban Nha, vượt qua Đại Tây Dương, họ xông pha sóng gió hãi hùng, chịu hết gian khổ, rồi đến được mũi phía nam ở châu Nam Mĩ, tiến vào một eo biển. Eo biển này về sau đặt tên theo Magalhães vô cùng hiểm trở và ác liệt, đến chỗ đó là sóng lớn gió dữ và bãi cạn đá ngầm nguy hiểm. Chiến đấu hăng hái gian khổ trải qua 38 ngày, đội thuyền tàu cuối cùng đã đến được mũi phía tây của eo biển Magalhães, nhưng mà lúc đó đội thuyền tàu chỉ còn lại ba chiếc tàu, thuyền viên của đội cũng đã mất đi một nửa.",Đội thám hiểm phải chiến đấu hăng hái mới chiếm được eo biển này.,noi_tai,
16,viwikifc_train_4822,"Tháng 6-1946, khi quân Quốc dân đảng Trung Quốc phải rút về nước, ông sang Trung Quốc tìm gặp cựu hoàng Bảo Đại đang ở Hồng Kông. Ông cùng Bảo Đại bàn mưu tính kế khôi phục lại ngôi báu nhà Nguyễn, có cả Cousseau, chỉ huy mật thám Pháp tham dự.","Tháng 6-1946, khi quân đảng Quốc dân Trung Quốc phải rút quân về, ông đã đến Trung Quốc và gặp cựu hoàng Bảo Đại.",khong,
17,viwikifc_train_887,"Trở về (Giáp Ngọ 1834), ông được bổ làm Tư vụ bộ Công. Sau đó, vì chán chốn quan trường, ông cáo bệnh xin về hưu ở làng Thanh Mai, thuộc huyện Tiên Phong (nay là xã Vạn Thắng, huyện Ba Vì, Hà Nội). Ở đây, ông làm nghề dạy học và soạn sách cho đến khi mất.","Không lâu sau, ông vì quá chán chốn quan trường nên đã các bệnh xin về hưu, thời gian sau ông đã cho ra đời rất nhiều tác phẩm kể lại cuộc đời ông. Ông ở tại làng Thanh Mai, nay chính là Hà Nội.",ngoai_lai,
18,viwikifc_dev_1096,"Nước đại dương luôn luôn chuyển động do tác động của thủy triều, gây ra bởi lực hấp dẫn của Mặt Trăng và Mặt Trời đối với Trái Đất, sóng và hải lưu do tác dụng của gió. Các dòng bù trừ phát sinh do sự thiếu hụt của nước. Chẳng hạn nước của Địa Trung Hải bị bốc hơi rất mạnh, ít sông suối đổ vào, do đó nước có độ mặn cao và có tỉ trọng lớn. Nước ở dưới sâu chảy từ Địa Trung Hải ra Đại Tây Dương tạo ra sự thiếu hụt, vì thế một hải lưu bề mặt lại chảy từ Đại Tây Dương vào Địa Trung Hải để bù vào chỗ thiếu hụt đó.",Lực hấp dẫn của Mặt Trăng là nhân tố quan trọng nhất tác động tới sự chuyển động của nước đại dương.,ngoai_lai,
19,viwikifc_train_3818,"Ấn Độ nhận được khoảng 80% tổng lượng mưa hàng năm vào mùa hè. Ở khu vực này, mưa đóng vai trò quan trọng đến mức nhiều nền văn minh tại đây đã diệt vong khi không được mùa mưa cung cấp đủ lượng mưa. Trong suốt thời tiền sử, mùa mưa ở Ấn Độ đã trải qua nhiều biến động to lớn, bao gồm một giai đoạn có lượng mưa lớn từ năm 33.500–32.500 BP; một giai đoạn khô hạn từ năm 26.000–23.500 BC; và một giai đoạn mưa yếu từ năm 17.000–15.000 BP,","Mưa đóng vai trò quan trọng đến mức nhiều nền văn minh tại Ấn Độ đã diệt vong khi không được mùa mưa cung cấp đủ lượng mưa, hiện nay thì Ấn Độ nhận được khoảng 80% tổng lượng mưa hàng năm vào hè.",khong,
20,viwikifc_train_7263,"Trong những chuyến khảo cổ sau này, người ta đã tìm ra khoảng 50.000 cổ vật nằm rải rác trên Con đường tơ lụa. Chúng là những hiện vật vô giá về lịch sử thương mại thời xưa. Con đường tơ lụa với những chuyến hàng đầy ắp đã trở thành dĩ vãng, những dấu chân lạc đà giờ đã bị cát bụi sa mạc xóa nhòa nhưng cái tên ""Con đường tơ lụa"" sẽ còn mãi trong lịch sử như một cây cầu kết nối ngoại thương giữa hai nền văn minh Trung Quốc và La Mã.",Dấu vết Con đường tơ lụa đã trở thành dĩ vãng nhưng cái tên đó sẽ còn mãi trong lịch sử như một cây cầu kết nối ngoại thương giữa hai nền văn minh Trung Quốc và La Mã đã tồn tại từ thế kỷ 2 TCN.,ngoai_lai,
21,viwikifc_train_14476,"Con đường tơ lụa to lớn bắt đầu từ Phúc Châu, Hàng Châu, Bắc Kinh, Trường An (Trung Quốc) qua Mông Cổ, Ấn Độ, Afghanistan, Kazakhstan, Iran, Iraq, Thổ Nhĩ Kỳ, Hy Lạp, xung quanh vùng Địa Trung Hải và đến tận toàn châu Âu. Con đường cũng đi đến cả Triều Tiên và Nhật Bản (Và thậm chí là ở 2 miền Bắc-Nam Việt Nam). Nó có chiều dài khoảng 4.000 dặm, hay là 6.437 km.","Con đường tơ lụa là con đường buôn bán nổi tiếng từ hàng nghìn năm, cũng đi đến cả Triều Tiên, Nhật Bản và thậm chí là ở 2 miền Bắc-Nam Việt Nam.",ngoai_lai,
22,viwikifc_train_11391,"Để mở rộng ngành, các sòng bạc được hợp pháp hóa vào năm 2005, nhưng chỉ có hai giấy phép cho ""Khu nghỉ mát Tích hợp"" được ban hành, để kiểm soát việc rửa tiền và nghiện. Singapore cũng quảng bá chính nó như là một trung tâm du lịch y tế: khoảng 200.000 người nước ngoài tìm kiếm sự chăm sóc y tế ở đó mỗi năm. Các dịch vụ y tế của Singapore nhằm phục vụ ít nhất một triệu bệnh nhân nước ngoài hàng năm và tạo ra doanh thu 3 tỷ đô la. Vào năm 2015, Lonely Planet và The New York Times liệt kê Singapore là điểm đến tốt thứ 6 trên thế giới để tham quan.","Năm 2015, Singapore trở thành cường quốc của Đông Nam Á.",ngoai_lai,
23,viwikifc_test_510,"Thủ đô Bình Nhưỡng là nơi không thể bỏ qua ở Triều Tiên. Nơi đây gây ấn tượng bởi nhiều tượng đài lớn, những tòa nhà cao tầng và đường phố khang trang. Khác với hình dung của du khách, Bình Nhưỡng cũng có những nhà hàng phục vụ đồ ăn, thức uống theo phong cách phương Tây.","Đối đầu với thành phố Kaesong, Bình Nhưỡng gây ấn tượng với người nhìn bằng nhiều tượng đài lớn và đường phố khang trang.",ngoai_lai,
24,viwikifc_train_15291,"Ngôn ngữ quốc gia của Việt Nam là tiếng Việt, một ngôn ngữ thanh điệu thuộc ngữ hệ Nam Á và là tiếng mẹ đẻ của người Việt. Hiến pháp không quy định chữ viết quốc gia hay văn tự chính thức. Văn ngôn với chữ Hán ghi âm Hán-Việt được dùng trong các văn bản hành chính trước thế kỷ 20. Chữ Nôm dựa trên chất liệu chữ Hán để ghi âm thuần Việt hình thành từ khoảng thế kỷ 7 tới thế kỷ 13, kết hợp với chữ Hán thành bộ chữ viết phổ thông cho tiếng Việt trước khi Việt Nam bị Thực dân Pháp xâm lược. Các tác phẩm thời kỳ trung đại của Việt Nam đều được ghi bằng chữ Hán và chữ Nôm, tiêu biểu có Bình Ngô Đại Cáo của Nguyễn Trãi viết bằng chữ Hán hay Truyện Kiều của Nguyễn Du sáng tác bằng chữ Nôm. Chữ Quốc ngữ là chữ Latinh được các nhà truyền giáo Dòng Tên như Francisco de Pina và Alexandre de Rhodes phát triển vào thế kỷ 17 dựa trên bảng chữ cái của tiếng Bồ Đào Nha, sau này được phổ biến thông qua các quy định bảo hộ cùng tiếng Pháp của chính quyền thuộc địa thời Pháp thuộc. Các nhóm sắc tộc thiểu số ở Việt Nam nói một số ngôn ngữ ví dụ như tiếng Tày, tiếng Nùng, tiếng Mường, tiếng H'Mông, tiếng Chăm, và tiếng Khmer. Các hệ ngôn ngữ ở Việt Nam bao gồm Nam Á, Kra-Dai, Hán-Tạng, H'Mông-Miền và Nam Đảo. Một số ngôn ngữ ký hiệu Việt Nam cũng được hình thành tại các thành phố lớn.",Chữ Latinh còn gọi là chữ La Mã.,ngoai_lai,
25,viwikifc_train_1105,"Hang lớn nhất là Hang Sơn Đoòng (hang động tự nhiên lớn nhất thế giới), Đỉnh núi cao nhất là đỉnh Everest (cao nhất thế giới), điểm thấp nhất là sụt lún Biển Chết (thấp nhất thế giới), cao nguyên cao nhất là cao nguyên Thanh Tạng (cao nhất thế giới), dòng sông dài nhất là Trường Giang (dài thứ ba thế giới), hồ lớn nhất là Biển Caspi (lớn nhất thế giới), hồ sâu nhất là hồ Baikal (sâu nhất thế giới), sa mạc lớn nhất là sa mạc Arabi (lớn thứ năm thế giới). Vượt qua kinh độ và vĩ độ rộng vô cùng, chênh lệch thời gian đông - tây đạt đến từ 11 đến 13 giờ đồng hồ. Vùng đất phía tây và châu Âu nối liền lẫn nhau, hình thành lục địa Âu – Á - lục địa lớn nhất trên Trái Đất. Trừ đất liền ra, diện tích đảo lớn và đảo cồn của châu Á chừng 2,7 triệu kilômét vuông, chỉ đứng  sau Bắc Mỹ.",Bắc Mỹ là có diện tích đảo lớn và đảo cồn lớn nhất thế giới và đứng thứ hai sau Bắc Mỹ chính là châu Á.,khong,
26,viwikifc_dev_291,"Bước vào thế kỷ XXI, Nhật Bản ưu tiên hơn đến những chính sách quốc gia để gia tăng vị thế về chính trị và quân sự trên trường quốc tế. Nâng cấp Cục phòng vệ quốc gia thành Bộ quốc phòng vào tháng 1 năm 2007. Tuy nhiên, Nhật Bản tiếp tục phải đối mặt với tình trạng kinh tế trì trệ, và nghiêm trọng hơn là việc tỷ lệ thanh niên kết hôn và sinh đẻ giảm mạnh, khiến nạn lão hóa dân số đã tới mức báo động.",Cục phòng vệ có tiền thân của nó là sở dân quân.,ngoai_lai,
27,viwikifc_dev_497,"Các môn thể thao đại chúng tại Singapore gồm có bóng đá, bóng rổ, cricket, bơi lội, đi thuyền, bóng bàn và cầu lông. Hầu hết người Singapore sống trong các khu chung cư gần các tiện ích như hồ bơi, bên ngoài có sân bóng rổ và khu thể thao trong nhà. Các môn thể thao dưới nước phổ biến tại đảo quốc, trong đó có đi thuyền, chèo thuyền kayak và lướt ván. Lặn biển là một môn thể thao tiêu khiển phổ biến khác, đảo Hantu đặc biệt nổi tiếng với các rạn san hô phong phú. Giải bóng đá vô địch quốc gia của Singapore mang tên S-League, được hình thành vào năm 1994, bao gồm 9 đội tham dự, trong đó có 2 đội nước ngoài. Singapore bắt đầu tổ chức một vòng thi đấu của giải vô địch công thức 1 thế giới, Singapore Grand Prix, vào năm 2008. Singapore tổ chức Thế vận hội trẻ kỳ đầu tiên, vào năm 2010.",Bóng đá tại Singapore đạt chức vô địch năm 2003.,ngoai_lai,
28,viwikifc_train_9323,"Phía Việt Nam cho rằng các chính quyền của họ từ thế kỷ 16-18 (thời kỳ nhà Hậu Lê) đã tổ chức khai thác trên quần đảo hàng năm kéo dài theo mùa (6 tháng). Đến đầu thế kỷ XIX, nhà Nguyễn (Việt Nam) với tư cách nhà nước đã tiếp tục thực thi chủ quyền trên quần đảo. Các hoạt động thực thi chủ quyền của nhà Nguyễn được bắt đầu có thể muộn hơn các triều đại Trung Hoa nhưng với mật độ mau hơn trong thế kỷ XIX với các năm 1803, 1816, 1821, 1835, 1836, 1837, 1838, 1845, 1847 và 1856. Không chỉ là kiểm tra chớp nhoáng trên các đảo hoang nhỏ vô chủ rồi về, mà hoạt động chủ quyền cấp nhà nước của nhà Nguyễn từ năm 1816 bao gồm cả việc khảo sát đo đạc thủy trình, đo vẽ bản đồ dài ngày, xây xong sau nhiều ngày quốc tự trên đảo thuộc quần đảo Hoàng Sa, cắm bia chủ quyền và cứu hộ hàng hải quốc tế. Cuối thế kỷ 19, do suy yếu và mất nước bởi Đế quốc Pháp xâm lược, hoạt động chủ quyền của nhà Nguyễn đối với quần đảo Hoàng Sa và quần đảo Trường Sa cũng do đó mà bị gián đoạn.",Việc vẽ bản đồ của nhà Nguyễn nhằm mục đích cứu hộ trên biển dễ dàng hơn.,noi_tai,
29,viwikifc_train_16084,"Năm 1442 thời Lê Thái Tông, “Nguyễn Trực, Nguyễn Như Đỗ, Lương Như Hộc ba người đỗ tiến sĩ cập đệ; bọn Trần Văn Huy 7 người đỗ tiến sĩ xuất thân; bọn Ngô Sĩ Liên 23 người đỗ tiến sĩ đồng xuất thân…”.",Thời Trần Thái Tông thường tổ chức nhiều kì thi để tuyển chọn nhân tài cho đất nước.,ngoai_lai,
30,viwikifc_train_5961,"Tư sản cho rằng không có luật kinh tế theo vốn cần tái đầu tư vào việc mở rộng sản xuất, điều đó phụ thuộc vào khả năng sinh lời, kỳ vọng thị trường và nhận thức về rủi ro đầu tư. Những tuyên bố như vậy chỉ giải thích những trải nghiệm chủ quan của các nhà đầu tư và bỏ qua những thực tế khách quan có ảnh hưởng đến những ý kiến ​​như vậy. Như Marx tuyên bố về khối lượng thứ hai của Das Kapital, tái tạo đơn giản chỉ tồn tại nếu biến và vốn thặng dư được thực hiện bởi nhà sản xuất phương tiện sản xuất - chính xác bằng vốn liên tục của nhà sản xuất các mặt hàng tiêu thụ (p. 524). Sự cân bằng như vậy dựa trên các giả định khác nhau, chẳng hạn như nguồn cung lao động không đổi (không có tăng trưởng dân số). Sự tích lũy không hàm ý một sự thay đổi cần thiết trong tổng độ lớn của giá trị được tạo ra, nhưng có thể chỉ đơn giản đề cập đến một sự thay đổi trong thành phần của một ngành công nghiệp (tr. 514).",Việc tái tạo còn giúp nhận thức được những nguy cơ tiềm ẩn trong đầu tư.,noi_tai,
31,viwikifc_test_1771,"Nói đúng ra, vốn đã tích lũy chỉ khi thu nhập lợi nhuận thực hiện đã được tái đầu tư vào tài sản vốn. Như đã đề xuất trong tập đầu tiên của Marx 'Das Kapital, quá trình tích lũy vốn trong sản xuất có ít nhất bảy yếu tố riêng biệt nhưng được liên kết:",Vốn đã tích lũy là nguồn làm giàu cho tư bản chủ nghĩa.,ngoai_lai,
32,viwikifc_train_16729,"Làng Sen, quê nội của Hồ Chí Minh, tên chữ là Kim Liên (bông sen vàng). Làng có nhiều hồ thả sen suốt hai bên đường làng. Ngôi nhà của Hồ Chí Minh sống thuở nhỏ dựng bằng tre và gỗ, 5 gian, lợp tranh. Trong nhà có những đồ dùng giống như các gia đình nông dân: phản gỗ, chõng tre, cái võng gai, bàn thờ... Nhà được dựng năm 1901 do công sức và tiền của dân làng góp lại làm tặng ông Nguyễn Sinh Sắc, cha của Hồ Chí Minh khi ông Sắc đỗ Phó Bảng đem lại vinh dự cho cả làng.",Hồ Chí Minh (1890-1969) là một trong những nhân vật lịch sử quan trọng của Việt Nam.,ngoai_lai,
33,viwikifc_test_1668,"Vào những năm 1970, Tổ chức Y tế Thế giới đã định nghĩa đột quỵ là ""tình trạng thiếu hụt thần kinh do mạch máu não gây ra kéo dài hơn 24 giờ hoặc bị gián đoạn do tử vong trong vòng 24 giờ"", mặc dù từ ""đột quỵ"" đã có từ nhiều thế kỷ trước. Định nghĩa này được cho là để phản ánh khả năng hồi phục của tổn thương mô và được đưa ra nhằm mục đích, với khung thời gian 24 giờ được chọn tùy ý. Giới hạn 24 giờ phân chia đột quỵ với cơn thiếu máu cục bộ thoáng qua, là một hội chứng liên quan đến các triệu chứng đột quỵ sẽ giải quyết hoàn toàn trong vòng 24 giờ. Với sự sẵn có của các phương pháp điều trị có thể làm giảm mức độ nghiêm trọng của đột quỵ khi được đưa ra sớm, nhiều người hiện nay ưa thích các thuật ngữ thay thế, chẳng hạn như đau não và hội chứng mạch máu não thiếu máu cục bộ cấp tính (mô phỏng theo cơn đau tim và hội chứng mạch vành cấp, tương ứng), để phản ánh mức độ khẩn cấp của các triệu chứng đột quỵ và nhu cầu hành động nhanh chóng.",Cơn thiếu máu cục bộ thoáng qua trong sự phân chia đột quỵ giới hạn 24 giờ chính là hội chứng nguy hiểm và kinh khủng nhất đối với các bệnh nhân liên quan đến triệu chứng đột quy giải quyết trong vòng 24 giờ.,ngoai_lai,
34,viwikifc_train_5718,"Lễ hội Rước cộ Bà Chợ Được được tổ chức hằng năm vào ngày 11 tháng Giêng (âm lịch) tại xã Bình Triều, huyện Thăng Bình. Đây là một kiểu lễ hội tâm linh để tỏ lòng tôn kính với bà Nguyễn Thị Của. Theo tài liệu ""Thần Nữ Linh Ứng Truyện"", bà sinh năm 1799 tại huyện Đại Lộc, tỉnh Quảng Nam. Bà mất năm 1817, hưởng dương 18 tuổi. Theo cư dân địa phương, bà rất linh thiêng. Trong một lần ngao du đến làng Phước Ấm (nay là Chợ Được, xã Bình Triều), thấy cảnh sông nước hữu tình, bà chọn nơi này họp chợ để giúp cư dân có cuộc sống sung túc hơn. Bà hóa thân thành một thiếu nữ xinh đẹp chừng 18 tuổi làm nghề bán nước đổi trầu. Dần dần cư dân xung quanh tập trung buôn bán, Chợ Được được hình thành và phát triển. Để ghi nhớ công ơn bà, cư dân trong vùng lập đền thờ ""Lăng Bà"" và được triều đình phong tặng sắc phong ""Thần Nữ Linh Ứng-Nguyễn Thị Đẳng Thần"".","Theo tài liệu ""Thần Nữ Linh Ứng Truyện"", bà sinh năm 1799 và mất năm 1817, hưởng dương 18 tuổi",khong,
35,viwikifc_train_12557,"Do quỹ đạo Mặt Trăng nghiêng so với hoàng đạo nên Mặt Trời, Trái Đất và Mặt Trăng chỉ thực sự có thể nằm trên cùng một đường thẳng khi Mặt Trăng ở một trong hai giao điểm thăng hay giáng này. Khi điều đó xảy ra thì nhật thực hay nguyệt thực mới có thể xảy ra. Do La Hầu và Kế Đô (Rahu và Ketu trong thần thoại Hindu, được người ta cho là sống tại các giao điểm này và nuốt Mặt Trăng hay Mặt Trời khi xảy ra hiện tượng thực) có hình tượng là những vị thần hình dạng rồng/rắn nên trong một số ngôn ngữ, như tiếng Anh, tháng giao điểm thăng này được gọi là ""draconic month"", nghĩa là tháng rồng, là sự liên hệ với vị thần rồng huyền thoại này.","La Hầu và Kế Đô là hai giao điểm cắt quỹ đạo Mặt Trăng với hoàng đạo, có hình tượng là những vị thần hình dạng rồng/rắn nên trong một số ngôn ngữ, như tiếng Anh, tháng giao điểm thăng này được gọi là ""draconic month"", nghĩa là tháng rồng, là sự liên hệ với vị thần rồng huyền thoại này.",noi_tai,
36,viwikifc_train_8882,"Năm Ất Dậu (1825), ông được sung làm Phó sứ sang Trung Quốc. Khi về, được làm Phủ thừa phủ Thừa Thiên, rồi thăng Hiệp trấn Quảng Nam (1829). Ít lâu sau, ông bị giáng vì phạm lỗi, được điều động về Huế giữ chức Thị độc ở Viện Hàn lâm.","Nhờ vào tài giỏi, ra sức cống hiến cho triều đình mà ông được điều động về Huế giữ chức Thị độc ở Viện Hàn Lâm.",ngoai_lai,
37,viwikifc_test_432,"Năm 1938: Pháp cho đặt bia đá, xây hải đăng, đài khí tượng và đưa đội biên phòng người Việt ra để bảo vệ đảo Hoàng Sa của quần đảo Hoàng Sa. Bia khắc dòng chữ: ""République française- Royaume d’Annam- Archipels des Paracels 1816-Île de Pattle 1938"". tái khẳng định chủ quyền Việt Nam từ thời Gia Long. Ngày 30 tháng 3 năm 1938, Hoàng đế Đại Nam Bảo Đại ra Dụ số 10 phê chuẩn về việc tách quần đảo Hoàng Sa khỏi địa hạt tỉnh Nam Ngãi, đặt vào tỉnh Thừa Thiên. Đạo dụ ghi rõ: ""Các cù lao Hoàng Sa thuộc về chủ quyền nước Nam đã lâu đời và dưới các tiền triều, các cù lao ấy thuộc về địa hạt tỉnh Nam - Ngãi. Nay nhập các cù lao Hoàng Sa vào địa hạt tỉnh Thừa Thiên"". Ngày 15 tháng 6, Toàn quyền Đông Dương Jules Brévié đưa ra Nghị định thành lập một đại lý hành chính trên quần đảo Hoàng Sa.",Thừa Thiên là tỉnh lớn nhất ở Việt Nam.,ngoai_lai,
38,viwikifc_train_11979,"Tiểu lục địa Ấn Độ là nơi khởi nguồn của nền văn minh lưu vực sông Ấn cổ đại, sớm hình thành nên các tuyến đường mậu dịch mang tính quốc tế cùng những Đế quốc rộng lớn, các Đế quốc này trở nên giàu có, thịnh vượng do thương mại cùng sức mạnh văn hóa - quân sự mang lại trong suốt chiều dài lịch sử của mình. Đây cũng là nơi khởi nguồn của 4 tôn giáo lớn trên thế giới bao gồm: Ấn Độ giáo, Phật giáo, Jaina giáo và Sikh giáo; trong khi Do Thái giáo, Hỏa giáo, Cơ Đốc giáo và Hồi giáo được truyền đến vào thiên niên kỷ thứ nhất sau Công nguyên - hình thành một nền văn hóa đa dạng bản sắc trong khu vực. Sang đến thời kỳ cận đại, khu vực Ấn Độ dần bị thôn tính và chuyển sang nằm dưới quyền quản lý của Công ty Đông Ấn Anh từ đầu thế kỷ XVIII, rồi cuối cùng nằm dưới quyền quản lý trực tiếp của Đế quốc Anh từ giữa thế kỷ XIX. Ấn Độ trở thành một quốc gia độc lập vào năm 1947 sau một cuộc đấu tranh giành độc lập dưới hình thức đấu tranh bất bạo động do lãnh tụ Mahatma Gandhi lãnh đạo.","Cuộc đấu tranh giành độc lập của Ấn Độ được lãnh đạo bởi Mahatma Gandhi, ông đã sử dụng phương pháp đấu tranh bất bạo động.",khong,
39,viwikifc_train_9691,"Động từ tiếng Anh được chia theo thì và thể, và hợp (agreement) với đại từ ngôi số ba số ít. Chỉ động từ to be vẫn phải hợp với đại từ ngôi thứ nhất và thứ hai số nhiều. Trợ động từ như have và be đi kèm với động từ ở dạng hoàn thành và tiếp diễn. Trợ động từ khác với động từ thường ở chỗ từ not (chỉ sự phủ định) có thể đi ngay sau chúng (ví dụ, have not và do not), và chúng có thể đứng đầu trong câu nghi vấn.","Các nước Châu Âu và Mỹ sử dụng trợ động từ have, be để đi kèm với động từ ở dạng hoàn thành và tiếp diễn.",ngoai_lai,
40,viwikifc_dev_1595,"Đến thế kỷ 10, nhà Đường bị lật đổ, Con đường tơ lụa cũng bị suy thoái dần. Tuy nhiên với sự hùng mạnh của đế quốc Nguyên Mông, công việc buôn bán sau đó lại thịnh vượng. Dưới triều Nguyên, một người Ý nổi tiếng là Marco Polo (1254-1324) đã lưu lạc đến Trung Quốc và làm quan ở đây 20 năm, sau đó ông trở về nước bằng Con đường tơ lụa. Ông cũng là người có đóng góp cho sự phát triển của mối giao thương Đông - Tây khi viết nên cuốn sách Marco Polo du ký (tiếng Ý: Il Milione) kể về toàn bộ quá trình lưu lạc đến phương Đông của mình trong đó có đề cập đến những chuyến hàng đầy ắp sản vật trên Con đường tơ lụa. ","Marco Polo là một những người châu Âu đầu tiên đến Trung Quốc, đã làm quan ở đây 20 năm dưới triều Nguyên, sau đó ông trở về nước bằng Con đường tơ lụa.",ngoai_lai,
41,viwikifc_test_931,"Nhật Bản là một đại cường quốc và là thành viên của nhiều tổ chức quốc tế bao gồm Liên Hợp Quốc, OECD, G20 và G7. Theo điều 9 Hiến pháp Nhật Bản, quốc gia này đã từ bỏ quyền tuyên chiến nhưng Nhật Bản vẫn duy trì lực lượng phòng vệ và được đánh giá là một trong đất nước có quân đội mạnh nhất thế giới. Sau thế chiến 2, Nhật Bản có mức tăng trưởng kinh tế thần tốc và trở thành nền kinh tế lớn thứ hai thế giới vào năm 1972 trước khi trở nên trì trệ từ năm 1995, khoảng thời gian được gọi là thập niên mất mát. Kể từ năm 2021, nền kinh tế Nhật Bản lớn thứ ba theo GDP danh nghĩa và lớn thứ tư theo PPP. Quốc gia này được xếp hạng rất cao trong chỉ số phát triển con người và có tuổi thọ cao nhất thế giới mặc dù đang có dự suy giảm dân số. Nhật Bản hiện dẫn đầu trong các ngành công nghiệp ô tô, robot, điện tử và có đóng góp đáng kể cho khoa học và công nghệ. Văn hóa Nhật Bản như Origami, ẩm thực, văn hóa đại chúng, manga, anime, văn học, âm nhạc, trò chơi điện tử,... phổ biến trên toàn cầu.",Nhật Bản đã tập trung vào việc phát triển nền quân sự quốc phòng của mình.,ngoai_lai,
42,viwikifc_test_1855,"Một nhân tố mới nổi lên trong thế kỷ 20 là người Hoa sống ở hải ngoại. Nhờ nền tảng văn hóa mà người Trung Hoa rất thành công ngay cả khi sống ở nước ngoài. Ngay từ đầu thế kỷ 20, Quốc vương Thái Lan Rama VI đã gọi người Trung Quốc là ""dân Do Thái ở phương Đông"". Năm 2016, số người Trung Quốc sống ở nước ngoài (bao gồm cả những người đã đổi quốc tịch) là khoảng 60 triệu (chưa kể du học sinh) và sở hữu số tải sản ước tính hơn 2,5 ngàn tỉ USD, tức là họ có khả năng tạo ảnh hưởng tương đương 1 quốc gia như Pháp. Hoa kiều là tầng lớp thương nhân làm ăn rất thành công ở Đông Nam Á. Vào cuối thế kỷ 20, họ sở hữu hơn 80% cổ phiếu trên thị trường chứng khoán Thái Lan và Singapore, 62% ở Malaysia, 50% ở Philippines, tại Indonesia thì người Hoa nắm trên 70% tổng số tài sản công ty. Để hạn chế sức mạnh của người Hoa, chính phủ các nước Đông Nam Á dùng nhiều chính sách trấn áp hoặc đồng hóa, như ở Thái Lan thì người Hoa phải đổi tên thành tên Thái nếu muốn nhập quốc tịch, ở Indonesia thì người Hoa bị cấm dùng ngôn ngữ mẹ đẻ, trường công ở Malaysia thì hạn chế tiếp nhận sinh viên gốc Hoa. Nhưng trải qua bao sóng gió, trán áp và cưỡng chế đồng hóa, văn hóa người Hoa vẫn ""bền bỉ như măng tre"", như lời một lãnh đạo cộng đồng người Hoa ở hải ngoại. Cộng đồng Hoa Kiều vẫn gắn kết chặt chẽ với chính phủ trong nước, và là một bàn đạp quan trọng để Trung Quốc mở rộng ảnh hưởng trên thế giới vào đầu thế kỷ 21.",Cộng đồng người Hoa kiều thường xuyên tạo ra những doanh nghiệp gia đình hoặc các tập đoàn lớn trong lĩnh vực như bất động sản.,ngoai_lai,
43,viwikifc_train_15271,"Phật giáo Thượng tọa bộ có ảnh hưởng chi phối trong văn hóa Lào, được phản ánh trên khắp đất nước từ ngôn ngữ trong chùa và trong mỹ thuật, văn học, nghệ thuật trình diễn. Nhiều yếu tố trong văn hóa Lào có trước khi Phật giáo truyền đến, chẳng hạn như âm nhạc Lào do nhạc cụ dân tộc là khèn chi phối, nó có nguồn gốc từ thời tiền sử. Tiếng khèn theo truyền thống đi kèm với người hát theo phong cách dân gian lam. Trong các phong cách lam, lam saravane có lẽ được phổ biến nhất.",Tiếng khèn được UNESCO công nhận là di sản văn hóa phi vật thể của Lào và là một trong nhiều yếu tố văn hóa Lào có trước khi Phật giáo truyền đến.,ngoai_lai,
44,viwikifc_test_207,"Một nhân tố mới nổi lên trong thế kỷ 20 là người Hoa sống ở hải ngoại. Nhờ nền tảng văn hóa mà người Trung Hoa rất thành công ngay cả khi sống ở nước ngoài. Ngay từ đầu thế kỷ 20, Quốc vương Thái Lan Rama VI đã gọi người Trung Quốc là ""dân Do Thái ở phương Đông"". Năm 2016, số người Trung Quốc sống ở nước ngoài (bao gồm cả những người đã đổi quốc tịch) là khoảng 60 triệu (chưa kể du học sinh) và sở hữu số tải sản ước tính hơn 2,5 ngàn tỉ USD, tức là họ có khả năng tạo ảnh hưởng tương đương 1 quốc gia như Pháp. Hoa kiều là tầng lớp thương nhân làm ăn rất thành công ở Đông Nam Á. Vào cuối thế kỷ 20, họ sở hữu hơn 80% cổ phiếu trên thị trường chứng khoán Thái Lan và Singapore, 62% ở Malaysia, 50% ở Philippines, tại Indonesia thì người Hoa nắm trên 70% tổng số tài sản công ty. Để hạn chế sức mạnh của người Hoa, chính phủ các nước Đông Nam Á dùng nhiều chính sách trấn áp hoặc đồng hóa, như ở Thái Lan thì người Hoa phải đổi tên thành tên Thái nếu muốn nhập quốc tịch, ở Indonesia thì người Hoa bị cấm dùng ngôn ngữ mẹ đẻ, trường công ở Malaysia thì hạn chế tiếp nhận sinh viên gốc Hoa. Nhưng trải qua bao sóng gió, trán áp và cưỡng chế đồng hóa, văn hóa người Hoa vẫn ""bền bỉ như măng tre"", như lời một lãnh đạo cộng đồng người Hoa ở hải ngoại. Cộng đồng Hoa Kiều vẫn gắn kết chặt chẽ với chính phủ trong nước, và là một bàn đạp quan trọng để Trung Quốc mở rộng ảnh hưởng trên thế giới vào đầu thế kỷ 21.","Tuy nhiên, việc áp dụng các biện pháp này đã gây ra tranh cãi và có thể mang lại tác động tiêu cực đến quyền con người.",ngoai_lai,
45,viwikifc_train_664,"Nhà sử học văn hóa Đức Silvio Vietta đã mô tả sự phát triển và mở rộng tính hợp lý của phương Tây từ thời cổ đại trở đi thường được đi kèm và định hình bởi các hệ tư tưởng như "" chiến tranh chính nghĩa "", "" tôn giáo thực sự "", chủ nghĩa phân biệt chủng tộc, chủ nghĩa dân tộc hoặc tầm nhìn của lịch sử tương lai như một loại 'thiên đường trên mặt đất' trong chủ nghĩa cộng sản. Ông nói rằng những ý tưởng như thế này đã trở thành ý thức hệ bằng cách đưa ra những hành động chính trị bá quyền một veneer lý tưởng và trang bị cho các nhà lãnh đạo của họ một vị trí cao hơn và, trong "" tôn giáo chính trị "" (Eric Voegelin), gần như là sức mạnh của Chúa, để họ trở thành bậc thầy trong cuộc sống (và cái chết) của hàng triệu người. Do đó, ông cho rằng các hệ tư tưởng đã góp phần tạo nên sức mạnh phi lý cho những ý tưởng phi lý, bên dưới chúng có thể vận hành như những biểu hiện của chủ nghĩa duy tâm.",Hành động chính trị khiến cho hàng triệu người thiệt mạng.,noi_tai,
46,viwikifc_train_2977,"Trong khái niệm ngoại giao của Lý Quang Diệu, phát triển quan hệ ngoại giao với Mỹ, Nhật Bản là mấu chốt trong việc thực hiện ngoại giao cân bằng nước lớn của Singapore nhưng ông không mong muốn thế lực Mỹ bá quyền độc tài ở Đông Nam Á. Có sự cân bằng nước lớn mang tính định hướng. Lâu nay Singapore đều tự đặt mình vào thế trung lập. Trên thực tế, cân bằng nước lớn của Singapore mang tính chọn lọc và phân cấp, là cân bằng lấy Mỹ làm trung tâm. Bảo vệ an ninh quốc gia, phát triển kinh tế nhà nước là mục tiêu cuối cùng của Singapore. Có thể gạt bỏ được mối lo an ninh của Singapore, mang lại sự thịnh vượng về kinh tế chắc chắn là mục tiêu cao nhất trong hệ thống cân bằng nước lớn của Singapore. Singapore dựa vào đó để ràng buộc lợi ích của mình với lợi ích của Mỹ ở Đông Nam Á, từ đó mưu cầu tối đa hóa lợi ích. Tuy Singapore cũng từng dẫn dắt Liên Xô, Trung Quốc cân bằng sức ảnh hưởng của Mỹ, Nhật Bản, nhưng chỉ là để tránh lực lượng Mỹ quá mạnh khiến Singapore cảm thấy ""nghẹt thở"". Thực lực đang không ngừng lớn mạnh của Trung Quốc tại Biển Đông về khách quan đã tạo thành thách thức cho sự cân bằng nước lớn khu vực Đông Nam Á mà Mỹ chủ đạo, động chạm đến bố cục cân bằng mà Singapore lâu nay tạo dựng.",Singapore có quan hệ song phương vững chắc với các thành viên khác trong ASEAN.,ngoai_lai,
47,viwikifc_dev_1369,"Borneo hay Kalimantan, Bà La Châu là đảo lớn thứ ba thế giới và lớn nhất tại châu Á. Đảo thuộc Đông Nam Á hải đảo, nằm về phía bắc của đảo Java, phía tây đảo Sulawesi và phía đông đảo Sumatra. Về mặt chính trị, đảo bị phân chia giữa ba quốc gia: Malaysia và Brunei tại phần phía bắc, và Indonesia ở phía nam. Khoảng 73% diện tích đảo Borneo thuộc lãnh thổ Indonesia. Các bang Sabah và Sarawak của Malaysia chiếm 26% diện tích đảo. Hơn một nửa đảo Borneo nằm ở Bắc Bán cầu, bao gồm phần thuộc Malaysia và Brunei. Borneo có các khu rừng mưa cổ nhất trên thế giới.",Đảo bị phân chia giữa hai quốc gia là Lào và Indonesia về mặt chính trị.,ngoai_lai,
48,viwikifc_train_4564,"Các sân bay chính của Lào là sân bay quốc tế Wattay tại Viêng Chăn và sân bay quốc tế Luang Prabang, sân bay quốc tế Pakse cũng có một vài đường bay quốc tế. Hãng hàng không quốc gia của Lào là Lao Airlines. Các hãng hàng không khác có đường bay đến Lào là Bangkok Airways, Vietnam Airlines, AirAsia, Thai Airways International, China Eastern Airlines và Silk Air. Phần lớn nước Lào thiếu cơ sở hạ tầng đẩy đủ. Lào chỉ có một đoạn đường sắt ngắn nối Viêng Chăn với Thái Lan qua cầu Hữu nghị Thái-Lào. Các tuyến đường bộ liên kết các trung tâm đô thị lớn, đặc biệt là Đường 13, được nâng cấp trung thời gian qua, song các làng nằm xa các đường chính chỉ có thể tiếp cận bằng đường mòn. Tồn tại hạn chế về viễn thông, song điện thoại di động trở nên phổ biến tại các trung tâm đô thị. Trong nhiều khu vực nông thôn, ít nhất cũng có điện năng cục bộ. Xe Songthaew được sử dụng để vận chuyển đường dài và địa phương.","Viễn thông ở Lào còn hạn chế song điện thoại di động trở nên phổ biến tại các trung tâm đô thị như Viêng Chăng, Muang Xay.",ngoai_lai,
49,viwikifc_train_15030,"Trong tiếng Pháp cổ, nhiều phương ngữ đã xuất hiện nhưng phương ngữ Francien là tiếng nói không chỉ kế tục mà còn phát triển mạnh trong thời kỳ Trung cổ Pháp (thế kỷ XIV-XVII). Tiếng Pháp hiện đại phát triển từ phương ngữ Francien này. Về ngữ pháp, trong thời kỳ Trung cổ Pháp, biến cách danh từ giảm dần và tiêu biến rồi có thêm những quy tắc tiêu chuẩn hóa. Robert Estienne đã xuất bản cuốn từ điển Latinh-Pháp đầu tiên, bao gồm thông tin về ngữ âm, từ nguyên và ngữ pháp. Về chính trị, chiếu lệnh Villers-Cotterêts (1539) tuyên bố tiếng Pháp là ngôn ngữ của luật pháp.","Thông tin về ngữ âm, từ nguyên và ngữ pháp đều có trong cuốn từ điển Latinh-Pháp đầu tiên.",khong,
50,viwikifc_train_10524,"Tư tưởng này của ông không có gì mâu thuẫn với Luận cương về các vấn đề dân tộc thuộc địa của Lenin, khi phát động chủ nghĩa dân tộc là sách lược để đi đến chủ nghĩa cộng sản (đại đồng). Tuy nhiên, một số người trong Quốc tế Cộng sản không quan tâm tới quan điểm này của Nguyễn Ái Quốc, họ cho rằng đường lối của ông trái nghị quyết của Quốc tế cộng sản khi đó.",Đường lối của ông mang tính cấp tiến hơn rất nhiều so với quốc tế cộng sản.,ngoai_lai,
51,viwikifc_train_1156,"Từ đó, các quốc gia tôn sùng chủ nghĩa Hoa Hạ như Việt Nam cũng xưng Hoàng đế, bày tỏ vị vua của mình ngang hàng với Trung Quốc. Nhật Bản có xưng Thiên hoàng, nguyên ban đầu cũng là Hoàng đế. Riêng Triều Tiên, đặc biệt là thời họ Lý cầm quyền, chịu thần phục nhà Minh và nhà Thanh, nên họ chỉ xưng Vương mà không phải Hoàng đế, chỉ một thời gian ngắn Đế quốc Đại Hàn thành lập mà xưng Đế.",Đế quốc Đại Hàn là thời đại lớn trong lịch sử và khi thành lập họ đã sẵn sàng xưng Đế mà không ngần ngại.,ngoai_lai,
52,viwikifc_train_10030,"Từ năm 220 đến 263 SCN, vào thời kỳ Tam Quốc, những ""người nhỏ, ngăm đen"" sống tại miền nam Trung Quốc đã bị người Hán từ phương bắc tràn xuống dồn đuổi. Một số sau đó di cư đến Thái Lan ngày nay, một số khác di xa hơn, tới tận Indonesia ngày nay. Họ được gọi là người Aetas và người Negritos, đây chính là tổ tiên của bộ tộc Batak tại Palawan. Một số bộ tộc khác đã sống trên đảo từ trước đó, như người Palawano và người Tagbanua, họ được cho là đến từ thời kỳ băng hà qua những cầu nối giữa các lục địa và hải đảo.","Bộ tộc người Palawano và người Tagbanua đã sống trên đảo từ trước khi bộ tộc Patak đến, được cho là đến từ thời kỳ băng hà qua những cầu nối giữa các lục địa và hải đảo.",khong,
53,viwikifc_dev_578,"Vùng núi Shirakami (白神山地 Shirakami-Sanchi (?)) (Địa hạt của thần) nằm ở bắc Honshu. Các ngọn núi này trải dài vững chắc theo các khu rừng nguyên thủy từ huyện Akita đến Aomori. Tổng cộng 1. 300 km² trong đó 169,7 km² được vào danh sách UNESCO.",Núi chủ yếu sẽ mọc kế những khu rừng rậm rạp có lẽ đây là lý do mà nơi các khu rừng nguyên thủy từ huyện Akita đến Aomori ta vẫn thường thấy rõ các ngọn núi này mọc lên trải dài theo các khu rừng.,ngoai_lai,
54,viwikifc_train_14889,"Từ/âm Hán Việt cổ là những từ tiếng Hán được tiếng Việt thu nhận trước thời Đường thông qua giao tiếp bằng lời nói. Hầu hết từ/âm Hán Việt cổ bắt nguồn từ tiếng Hán thời nhà Hán. Phần lớn quãng thời gian từ cuối thời nhà Hán đến trước thời Đường, Giao Chỉ trong tình trạng độc lập hoặc quan lại địa phương cát cứ, việc tiếp xúc với tiếng Hán bị giảm thiểu so với trước. Cho đến trước thời Đường, ngay cả khi nhà Hán sụp đổ đã lâu người Việt ở Giao Chỉ vẫn đọc chữ Hán bằng âm Hán Việt cổ bắt nguồn từ tiếng Hán thời nhà Hán. Một số ví dụ về từ Hán Việt cổ:Tươi: âm Hán Việt cổ của chữ ""鮮"", âm Hán Việt là ""tiên""..",Có nhiều âm Hán Việt là phiên âm cho từ Hán Việt cổ:Tươi.,noi_tai,
55,viwikifc_test_985,"Nhật Bản đã tìm cách kiểm soát Đài Loan từ năm 1592 khi Hideyoshi Toyotomi bắt đầu mở rộng ảnh hưởng của Nhật Bản ra hải ngoại. Năm 1609, Mạc phủ Tokugawa đã cử Harunobu Arima thực hiện sứ mệnh thám hiểm. Năm 1616 Toan Murayama đã dẫn đầu một cuộc xâm lược hòn đảo, tuy nhiên điều này đã không thành công.",Toan Murayama đã dẫn đầu một cuộc xâm lược hòn đảo vào năm 1616 theo lệnh của Mạc phủ Tokugawa nhưng thất bại.,noi_tai,
56,viwikifc_train_9310,"Năm 1686: (năm Chính Hòa thứ 7) Đỗ Bá Công Đạo biên soạn Thiên Nam Tứ chí lộ đồ thư (天南四至路图書) trong Hồng Đức bản đồ hay Toản tập An Nam lộ trong sách Thiên hạ bản đồ. Tấm bản đồ xứ Quảng Nam trong Thiên Nam tứ chí lộ đồ thư được vẽ theo bút pháp đương thời (bản đồ khổ ngang), với lời chú rất rõ ràng: ""... 。海中有一長沙,名𪤄葛鐄,約長四百里,濶二十里,卓立海中,自大占海門至沙荣門。 ..."", (""… Hải trung hữu nhất trường sa, danh Bãi Cát Vàng, ước trường tứ bách lý, khoát nhị thập lý, trác lập hải trung, tự Đại Chiêm hải môn chí Sa Vinh môn。…""). Dịch nghĩa làː ""... Giữa biển có một dải cát dài gọi là Bãi Cát Vàng (Hoàng Sa) dài khoảng 400 dặm, rộng 20 dặm, dựng đứng giữa biển (án ngữ phía ngoài biển) từ cửa biển Đại Chiêm đến cửa Sa Vinh. … Họ Nguyễn mỗi năm và cuối mùa Đông đưa 18 chiếc thuyền đến đấy lấy hàng hoá, được phần nhiều là vàng bạc, tiền tệ, súng đạn…"". Còn bản đồ xứ Quảng Nam vẽ trong Toản tập An Nam lộ thì ghi chú rất rõ địa danh Bãi Cát Vàng (𪤄吉鐄) trên biển khơi phía trước của những địa danh trên đất liền như các cửa biển Đại Chiêm, Sa Kỳ, Mỹ Á, phủ Quảng Nghĩa và các huyện Bình Sơn, Chương Nghĩa, Mộ Hoa.",Nhờ có lời chú rõ ràng dưới tấm bản đồ của xứ Quảng Nam mà có thể dễ dàng chứng minh sự tồn tại của quần đảo Hoàng Sa là thuộc về Việt Nam.,ngoai_lai,
57,viwikifc_dev_157,"Để mở rộng ngành, các sòng bạc được hợp pháp hóa vào năm 2005, nhưng chỉ có hai giấy phép cho ""Khu nghỉ mát Tích hợp"" được ban hành, để kiểm soát việc rửa tiền và nghiện. Singapore cũng quảng bá chính nó như là một trung tâm du lịch y tế: khoảng 200.000 người nước ngoài tìm kiếm sự chăm sóc y tế ở đó mỗi năm. Các dịch vụ y tế của Singapore nhằm phục vụ ít nhất một triệu bệnh nhân nước ngoài hàng năm và tạo ra doanh thu 3 tỷ đô la. Vào năm 2015, Lonely Planet và The New York Times liệt kê Singapore là điểm đến tốt thứ 6 trên thế giới để tham quan.",Trước Singapore thì Việt Nam là điểm đến tốt thứ 5.,ngoai_lai,
58,viwikifc_train_11145,"1919: Hiệp ước Versailles trừng phạt Đức và đem lại lợi ích cho các nước thắng trận. Cách mạng Đức lật đổ chế độ quân chủ, thiết lập chế độ cộng hoà Weimar. Estonia giành độc lập. Hội Quốc Liên được thành lập. Chiến tranh Nga-Ba Lan 1919. Bắt đầu Chiến tranh giành độc lập Thổ Nhĩ Kỳ. Đảng phát xít Italia được thành lập. Quốc tế cộng sản được thành lập. Tổ chức Lao động Quốc tế được thành lập. Ernest Rutherford phát hiện ra proton.","Chế độ quân chủ là một hệ thống chính trị trong đó quyền lực tập trung vào tay một vị vua, hoàng đế hoặc quý tộc. ",ngoai_lai,
59,viwikifc_train_15361,"Singapore là một hòn đảo có hình dạng một viên kim cương được nhiều đảo nhỏ khác bao quanh. Có hai con đường nối giữa Singapore và bang Johor của Malaysia — một con đường nhân tạo có tên Đường đắp cao Johor-Singapore ở phía bắc, băng qua eo biển Tebrau và liên kết thứ hai Tuas, một cầu phía tây nối với Juhor. Singapore có tổng cộng 63 hòn đảo lớn nhỏ. Trong đó, Đảo Jurong, Pulau Tekong, Pulau Ubin và Sentosa là những đảo lớn nhất của Singapore, ngoài ra còn có nhiều đảo nhỏ khác. Vị trí cao nhất của Singapore là đồi Bukit Timah với độ cao 166 m.",Singapore là nước sử dụng tiếng Pháp nhiều nhất.,ngoai_lai,
60,viwikifc_train_14917,"Việt Nam sử lược (1920). Đây được coi là quyển sử Việt Nam đầu tiên viết bằng chữ quốc ngữ, có phong cách ngắn gọn, súc tích và dễ hiểu, thích hợp với trình độ của đại chúng nên được tái bản nhiều lần. Tuy nhiên thời gian biên soạn quá ngắn nên sách có rất nhiều chi tiết sai sót, sau này Trần Trọng Kim đã hiệu đính lại 2 lần nhưng vẫn còn nhiều lỗi sai.",Việt Nam là quốc gia có dân tộc đoàn kết nhất ở Thế Giới.,ngoai_lai,
61,viwikifc_train_2506,"Tai biến mạch máu não có thể được phân thành hai loại chính: thiếu máu cục bộ và xuất huyết. Đột quỵ do thiếu máu cục bộ là do nguồn cung cấp máu lên não bị gián đoạn, trong khi đột quỵ do xuất huyết là do vỡ mạch máu hoặc cấu trúc mạch máu bất thường. Khoảng 87% trường hợp đột quỵ là do thiếu máu cục bộ, phần còn lại là xuất huyết. Chảy máu có thể phát triển bên trong các khu vực thiếu máu cục bộ, một tình trạng được gọi là ""biến đổi xuất huyết"". Không biết có bao nhiêu đột quỵ xuất huyết thực sự bắt đầu như đột quỵ do thiếu máu cục bộ.","Khi khu vực thiếu máu cục bộ có sự phát triển của việc chảy máu thì người ta gọi đó là tình trạng ""biến đổi xuất huyết"".",khong,
62,viwikifc_test_2058,"Số nhiều: men, women, feet, fish, oxen, knives, miceSự sở hữu được thể hiện bằng  (')s  (thường gọi là hậu tố sở hữu), hay giới từ of. Về lịch sử (')s được dùng cho danh từ chỉ vật sống, còn of dùng cho danh từ chỉ vật không sống. Ngày nay sự khác biệt này ít rõ ràng hơn. Về mặt chính tả, hậu tố -s được tách khỏi gốc danh từ bởi dấu apostrophe.","Ngữ hệ Ấn-Âu sử dụng (')s cho danh từ chỉ vật sống như người, động vật còn of dùng cho danh từ chỉ vật không sống.",ngoai_lai,
63,viwikifc_test_1006,"Y học: Y học Trung Quốc và phẫu thuật đã phát triển cao tại nhiều thời điểm khác nhau trong lịch sử, và nhiều lĩnh vực vẫn còn được xem là nổi bật. Chúng tiếp tục giữ vai trò lớn mạnh trong cộng đồng y học quốc tế, và cũng đã được phương Tây công nhận như các phương pháp trị liệu bổ sung và thay thế trong vài thập niên gần đây. Một thí dụ là khoa châm cứu, mặc dù được coi như một phương pháp y học tại Trung Quốc và các nước xung quanh, nhưng lại từng là đề tài gây tranh luận tại phương Tây. Tuy nhiên, khoa khám nghiệm tử thi đã không được chấp nhận ở Trung Quốc thời trung cổ vì người ta cho rằng không nên xâm phạm xác chết. Dù thế, nhiều bác sĩ không tin điều này đã tăng cường sự hiểu biết về giải phẫu học.",Răng hàm mặt cũng được coi là một lĩnh vực nổi bật trong Y học.,ngoai_lai,
64,viwikifc_train_5274,"Đến thế kỷ 8 TCN, quyền lực tập trung của triều Chu dần suy yếu trước các chư hầu phong kiến, nhiều quốc gia chư hầu của triều Chu đã dần mạnh lên, họ bắt đầu không tuân lệnh vua Chu và liên tục tiến hành chiến tranh với nhau trong thời kỳ Xuân Thu kéo dài 300 năm (771 - 475 TCN). Đến thời Chiến Quốc trong thế kỷ V–III TCN, quân chủ bảy quốc gia hùng mạnh đều xưng vương như thiên tử nhà Chu. Đến năm 256 TCN, nhà Chu bị nước Tần tiêu diệt. Đến năm 221 TCN, nước Tần hoàn tất việc tiêu diệt tất cả những nước khác, tái thống nhất Trung Quốc sau 500 năm chiến tranh.",Thời kỳ Xuân Thu được xem là một thời kỳ đầy biến động và xung đột trong lịch sử Trung Quốc.,khong_chac,
65,viwikifc_train_6878,"Với dân số 1.339 tỷ người theo điều tra năm 2017, Ấn Độ là quốc gia đông dân thứ hai trên thế giới. Tốc độ tăng trưởng dân số của Ấn Độ giảm xuống còn trung bình 1,76% mỗi năm trong giai đoạn 2001–2011, từ mức 2,13% mỗi năm trong thập niên trước (1991–2001). Tỷ suất giới tính theo điều tra năm 2011 là 940 nữ trên 1.000 nam. Tuổi bình quân của cư dân Ấn Độ là 27,9 theo điều tra năm 2017. Trong cuộc điều tra dân số hậu thuộc địa đầu tiên, tiến hành vào năm 1951, Ấn Độ có 361,1 triệu người. Các tiến bộ về y tế trong suốt 50 năm vừa qua cùng với năng suất nông nghiệp gia tăng (Cách mạng xanh) khiến dân số Ấn Độ gia tăng nhanh chóng. Ấn Độ tiếp tục phải đối mặt với một số thách thức liên quan đến sức khỏe cộng đồng. Theo Tổ chức Y tế thế giới, 900.000 người Ấn Độ tử vong mỗi năm do uống nước bị nhiễm bẩn hay hít khí bị ô nhiễm. Có khoảng 50 bác sĩ trên 100.000 người Ấn Độ. Số người Ấn Độ sinh sống tại thành thị tăng trưởng 31,2% từ 1991 đến 2001. Tuy nhiên, theo số liệu năm 2001, có trên 70% cư dân Ấn Độ sinh sống tại các vùng nông thôn. Theo điều tra dân số năm 2001, có 27 đô thị trên 1 triệu dân tại Ấn Độ; trong đó Delhi, Mumbai, Kolkata, Chennai, Bangalore, Hyderabad, Ahmedabad, và Pune là các vùng đô thị đông dân nhất. Tỷ lệ biết chữ năm 2011 là 74,04%: 65,46% đối với nữ giới và 82,14% đối với nam giới. Kerala là bang có tỷ lệ người biết chữ cao nhất; còn bang Bihar có tỷ lệ người biết chữ thấp nhất.","Tuy nhiên, theo số liệu thống kê vào năm 2001 đã có hơn 70% người dân Ấn Độ sinh sống tại các vùng quê.",khong,
66,viwikifc_dev_1585,"Trong tình trạng suy thoái, chủ nghĩa tư bản suy đồi, quá trình tích lũy ngày càng hướng tới đầu tư vào lực lượng quân sự và an ninh, bất động sản, đầu cơ tài chính và tiêu dùng sang trọng. Trong trường hợp đó, thu nhập từ sản xuất giá trị gia tăng sẽ giảm trong lợi ích của lãi suất, tiền thuê nhà và thu nhập thuế, với một hệ quả là sự gia tăng mức độ thất nghiệp vĩnh viễn. Vốn càng có nhiều vốn thì càng có nhiều vốn. Nghịch đảo cũng đúng và đây là một yếu tố trong khoảng cách mở rộng giữa người giàu và người nghèo.",Khi chủ nghĩa tư bản suy đồi sẽ kéo thêm cả sự gia tăng tỉ lệ thất nghiệm của lực lượng lao động.,ngoai_lai,
67,viwikifc_dev_482,"Việt Nam có tỷ lệ tội phạm ở mức thấp hơn một số quốc gia phát triển. Năm Cam, Khánh Trắng là một số ví dụ về băng nhóm tội phạm có tổ chức.","Việt Nam có ít tội phạm hơn một số quốc gia phát triển và chủ yếu phạm tội tham nhũng, ma túy.",ngoai_lai,
68,viwikifc_train_2804,"Tại thành phố Hà Nội, từ thời Pháp thuộc đã có một con đường nhỏ và ngắn ở khu vực trung tâm mang tên đường Nguyễn Trãi (nay là đường Nguyễn Văn Tố). Cuối năm 1945, chính quyền Việt Nam Dân chủ Cộng hòa cho đổi tên con đường này, đồng thời đặt tên đường Nguyễn Trãi cho một con đường dài hơn ở khu vực xung quanh hồ Hoàn Kiếm (nay là đường Lò Sũ). Tuy nhiên, sau đó đến đầu năm 1951, chính quyền Quốc gia Việt Nam thân Pháp trong đợt đổi tên đường cũ thời Pháp sang tên danh nhân Việt Nam với quy mô lớn thì vẫn duy trì tên đường Nguyễn Trãi vốn đã có từ Pháp thuộc này. Sau năm 1954, chính quyền Việt Nam Dân chủ Cộng hòa ban đầu vẫn duy trì đường Nguyễn Trãi cũ. Tuy nhiên đến năm 1964, trên cơ sở cho rằng con đường Nguyễn Trãi ngắn và nhỏ như vậy hoàn toàn không phù hợp với công lao to lớn của ông đối với đất nước, chính quyền Hà Nội lại cho đổi tên đường Nguyễn Trãi cũ thành đường Nguyễn Văn Tố và giữ nguyên cho đến ngày nay; còn tuyến Quốc lộ 6 đoạn từ Ngã Tư Sở đến vùng giáp ranh thị xã Hà Đông thuộc tỉnh Hà Đông cũ thì cho đặt tên là đường Nguyễn Trãi. Hiện nay, ở Hà Nội có 2 đường phố Nguyễn Trãi, đó là Đường Nguyễn Trãi chạy qua quận Đống Đa, Thanh Xuân và Nam Từ Liêm và Phố Nguyễn Trãi chạy qua phường Nguyễn Trãi, quận Hà Đông","Vào năm 1964, đường Nguyễn Trãi vẫn được duy trì tại tuyến Quốc lộ 6 đoạn từ Ngã Tư Sở đến vùng giáp ranh thị xã Hà Đông thuộc tỉnh Hà Đông cũ còn đường Nguyễn Trãi cũ được chính quyền Hà Nội đổi thành đường Nguyễn Văn Tố.",noi_tai,
69,viwikifc_dev_1254,"Trung Á chỉ vùng đất trung tâm châu Á (về địa lí). Bao gồm Turkmenistan, Uzbekistan, Kyrgyzstan, Tajikistan, Kazakhstan. Vùng đất phía đông nam trong khu vực này là vùng núi, động đất nhiều lần, thuộc về khí hậu núi; các vùng đất còn lại là đồng bằng, gò đồi, sa mạc trải rộng, khí hậu khô cạn, thuộc về khí hậu sa mạc hoặc thảo nguyên nhiệt đới và á nhiệt đới. Khí thiên nhiên, dầu thô, than đá, đồng, chì, kẽm, thủy ngân, lưu huỳnh, mirabilit (tức natri sulfat ngậm nước) là khoáng vật khá trọng yếu. Tài nguyên khoáng sản của Trung Á vô cùng phong phú, ngành công nghiệp quân sự phát đạt. Trung Á là chỗ sản sinh bắt nguồn thực vật vun trồng như đậu Hà Lan, đậu tằm, trái táo tây cùng với cừu Karakul. Sản xuất cây bông sợi, cây thuốc lá, tơ tằm, lông cừu, cây nho và cây táo tây.",Tơ tằm ở Trung Á được cho là chất lượng tốt nhất thế giới.,ngoai_lai,
70,viwikifc_dev_737,"Singapore là một trong những trung tâm thương mại lớn nhất của thế giới với vị thế là trung tâm tài chính lớn thứ 4 và là một trong 5 cảng biển bận rộn nhất trên toàn cầu. Nền kinh tế mang tính toàn cầu hóa và đa dạng của Singapore phụ thuộc nhiều vào mậu dịch, đặc biệt là xuất khẩu, thương mại và công nghiệp chế tạo, chiếm 26% GDP vào năm 2005. Theo sức mua tương đương thống kê năm 2020, Singapore có mức thu nhập bình quân đầu người cao thứ 2 trên thế giới. Quốc gia này được xếp hạng cao trong hầu hết các bảng xếp hạng quốc tế liên quan đến chất lượng kinh tế, giáo dục công, chăm sóc sức khỏe, sự minh bạch của chính phủ và tính cạnh tranh kinh tế.",Singapore có mức thu nhập bình quân đầu người thấp thứ 2 trên thế giới.,noi_tai,
71,viwikifc_train_10504,"Phía bắc của quần đảo Calamianes là nơi đầu tiên nằm dưới quyền kiểm soát của Tây Ban Nha và sau đó trở thành một tỉnh riêng biệt với đảo chính Palawan. Trong đầu thế kỷ 17, Các thấy dòng đã gửi những người truyền giáo đến Cuyo, Agutaya và Cagayancillo như họ đã gặp phải sự chống đối từ các cộng đồng Moro. Trước thế kỷ 18, Tây Ban Nha bắt đầu xây dựng các nhà thờ vởi sự bảo vệ của binh lính để bảo vệ khỏi những cuộc đột kích của người Moro tại các thị trấn Cuyo, Taytay, Linapacan và Balabac. Năm 1749, Vương quốc Hồi giáo Borneo nhượng miền nam Palawan cho Tây Ban Nha.","Tây Ban Nha bắt đầu xây dựng các nhà thờ với sự bảo vệ của binh lính để tránh sự đột kích người Moro phản đối Hồi Giáo tại các thị trấn Cuyo, Taytay, Linapacan và Balabac.",noi_tai,
72,viwikifc_train_9579,"Ngoài ra, cũng có nhiều bản đồ đã thể hiện các quần đảo trên Biển Đông là lãnh thổ của Trung Quốc: ""Welt-Atlas"" do Cộng hòa Liên bang Đức xuất bản vào các năm 1954, 1961 và 1970; Át-lát thế giới do Liên Xô xuất bản vào năm 1954 và 1967; Át-lát thế giới do Romania xuất bản vào năm 1957; Oxford Australian Atlas và Philips Record Atlas xuất bản tại Anh Quốc vào năm 1957 và Encyclopaedia Britannica World Atlas xuất bản tại Anh Quốc vào năm 1958; ""Haack Welt Atlas"" do Cộng hòa Dân chủ Đức xuất bản năm 1968; Daily Telegraph World Atlas xuất bản tại Anh Quốc vào năm 1968; Atlas International Larousse xuất bản tại Pháp vào năm 1968 và 1969; bản đồ thế giới thông thường của Institut Géographique National của Pháp vào năm 1968; Tập bản đồ Trung Quốc của Neibonsya tại Nhật Bản năm 1973.",Nhiều tờ báo cũng đã công nhận lại chủ quyền các đảo của Trung Quốc trong các tập bản đồ là không đúng sự thật.,ngoai_lai,
73,viwikifc_dev_1560,"Là chu kỳ trung bình của chuyển động của Mặt Trăng so với Mặt Trời. Tháng giao hội có liên quan tới các pha của Mặt Trăng (các tuần trăng), do biểu hiện bề ngoài của Mặt Trăng phụ thuộc vào vị trí của nó so với Mặt Trời khi quan sát từ Trái Đất. Trong khi Mặt Trăng chuyển động vòng quanh Trái Đất thì Trái Đất cũng di chuyển trong chuyển động vòng quanh của mình xung quanh Mặt Trời. Điều này có nghĩa là sau khi Mặt Trăng đã thực hiện xong một vòng di chuyển tương đối so với các định tinh (tháng thiên văn) thì nó vẫn phải di chuyển thêm một khoảng cách nữa để đạt tới vị trí mới sao cho khi được quan sát từ Trái Đất là nằm cùng ở vị trí so với Mặt Trời như lúc ban đầu. Chu kỳ dài hơn này được gọi là tháng giao hội (tiếng Hy Lạp: σὺν ὁδῴ, sun hodō, nghĩa là ""với con đường [của Mặt Trời]"") hay tháng sóc vọng. Do các nhiễu loạn trong các quỹ đạo của Trái Đất và Mặt Trăng nên khoảng thời gian thực tế giữa các chu kỳ tuần trăng có thể dao động từ khoảng 29,27 tới khoảng 29,83 ngày. Độ dài trung bình dài hạn là khoảng 29,530589 ngày (29 ngày 12 giờ 44 phút 2,9 giây). Tháng giao hội được sử dụng trong chu kỳ Meton.",Chu kỳ dài hơn này được gọi là tháng giao hội hay tháng sóc vọng với chu kỳ ngang với một vòng tự quay quanh Mặt Trời.,noi_tai,
74,viwikifc_train_16363,"Vào cuối những năm 1980 và đầu những năm 1990, GDP của Nhật Bản đã vươn lên đứng thứ 2 trên thế giới, chỉ sau Mỹ. Năm 1995, nền kinh tế Nhật Bản đã suýt đuổi kịp với Hoa Kỳ để trở thành nền kinh tế lớn nhất trong thế giới trong một ngày, sau khi đồng tiền Nhật Bản đạt mức cao kỷ lục 79 yên / USD. Trong khi đó từ thập niên 1980 Kinh tế Trung Quốc đã có sự lột xác ngoạn mục sau những cải cách của Đặng Tiểu Bình, và sang thế kỷ 21 GDP của Trung Quốc đã vượt qua Nhật Bản để trở thành nền kinh tế đứng thứ 2 thế giới. 4 quốc gia Hàn Quốc, Đài Loan, Hồng Kông và Singapore cũng đã đạt được mức tăng trưởng kinh tế nhanh chóng trong giai đoạn cuối thế kỷ 20, do đó những nền kinh tế này còn được mệnh danh là Bốn con hổ châu Á. Israel cũng là một quốc gia có nền kinh tế phát triển nhờ tinh thần kinh doanh dựa trên một nền công nghiệp đa dạng.",Israel là một đất nước có tiềm lực phát triển về quân sự vững mạnh.,ngoai_lai,
75,viwikifc_train_9010,"Vào những năm 1830, Singapore đã trở thành một trong ba cảng thương mại chính ở Đông Nam Á, cùng với Manila ở Philipinnes và Batavia (Jarkata ngày nay) ở đảo Java. Mậu dịch tự do và vị trí thuận lợi đã nơi đây trở thành hải cảng nhộn nhịp. Những văn bản cổ còn mô tả: ""Các con thuyền đến Singapore như đàn ong bay tới hũ mật để cùng tận hưởng bữa tiệc mậu dịch tự do"". Những nhà buôn người Anh bị hấp dẫn bởi mảnh đất này và từ đó những hiệu buôn, những tuyến hàng hải, những công ty dịch vụ liên tiếp mọc lên. Những thương gia người Hoa cũng bị thu hút tới đây vì mật độ buôn bán dày đặc, sự canh phòng của hải quân Anh quốc và vị trí chiến lược của Singapore. Những thương gia người Malay, Ấn Độ và Ả Rập cũng từ những cảng lân cận khác kéo tới Singapore. Singapore nhanh chóng chiếm được một thị phần lớn trong việc giao thương giữa các vùng ở Đông Nam Á, đồng thời cũng trở thành một bến đỗ chính của tàu buôn trên đường tới Trung Quốc và Nhật Bản.",Singapore cũng trở thành một bến đỗ chính của tàu buôn.,khong,
76,viwikifc_train_518,"Năm 2019, GRDP toàn tỉnh tăng trưởng 9,03% so với năm 2018, GRDP thực tế đạt 88.258 tỉ đồng, cơ cấu kinh tế chuyển dịch đúng hướng. Thu ngân sách ước đạt 15.500 tỷ đồng, đạt 114,8% dự toán và tăng 10,2% so với thực hiện năm 2018. Chi ngân sách năm 2019 ước đạt 24.945,44 tỷ đồng, đạt 102,5% dự toán.",GRDP toàn tỉnh chủ yếu nhờ vào ngành dịch vụ và du lịch.,ngoai_lai,
77,viwikifc_train_12019,"Việc xây dựng các công trình thủy điện thượng lưu Vu Gia - Thu Bồn ảnh hưởng lớn đến dòng chảy hạ lưu. Việc thủy điện Đăk Mi 4 chuyển nước từ Vu Gia sang Thu Bồn làm suy giảm đáng kể dòng chảy hạ lưu Vu Gia. Vào mùa kiệt từ tháng 2 đến tháng 8, vùng ven sông Vu Gia thường đối mặt với thiếu nước cho sinh hoạt và trồng trọt. dòng chảy bị suy giảm là nguyên nhân chính làm cho mặn xâm nhập sâu vào hạ lưu Vu Gia, Thu Bồn và Vĩnh Điện.",Vùng ven sông Vu Gia thường thiếu nước cho sinh hoạt do Đăk Mi 4 chuyển nước làm suy giảm dòng chảy,khong,
78,viwikifc_train_11586,"Đến thời kỳ cận đại, Việt Nam lần lượt trải qua các giai đoạn Pháp thuộc và Nhật thuộc. Sau khi Nhật Bản đầu hàng Đồng Minh, các cường quốc thắng trận tạo điều kiện cho Pháp thu hồi Liên bang Đông Dương. Kết thúc Thế chiến 2, Việt Nam chịu sự can thiệp trên danh nghĩa giải giáp quân đội Nhật Bản của các nước Đồng Minh bao gồm Anh, Pháp (miền Nam), Trung Hoa Dân Quốc (miền Bắc). Nhà nước Việt Nam Dân chủ Cộng hòa do Mặt trận Việt Minh lãnh đạo ra đời khi Hồ Chí Minh tuyên bố độc lập vào ngày 2 tháng 9 năm 1945 sau thành công của Cách mạng Tháng Tám và chiến thắng Liên hiệp Pháp cùng Quốc gia Việt Nam do Pháp hậu thuẫn trong chiến tranh Đông Dương lần thứ nhất. Sự kiện này dẫn tới việc Hiệp định Genève (1954) được ký kết và Việt Nam bị chia cắt thành hai vùng tập kết quân sự, lấy ranh giới là vĩ tuyến 17. Việt Nam Dân chủ Cộng hoà kiểm soát phần phía Bắc còn phía nam do Việt Nam Cộng hoà (nhà nước kế tục Quốc gia Việt Nam) kiểm soát và được Hoa Kỳ ủng hộ. Xung đột về vấn đề thống nhất lãnh thổ đã dẫn tới chiến tranh Việt Nam với sự can thiệp của nhiều nước và kết thúc với chiến thắng của Việt Nam Dân chủ Cộng hòa, Mặt trận Dân tộc Giải phóng miền Nam Việt Nam cùng sự sụp đổ của Việt Nam Cộng hoà vào năm 1975. Chủ quyền phần phía Nam được chính quyền Cộng hoà miền Nam Việt Nam (do Mặt trận Dân tộc Giải phóng miền Nam Việt Nam thành lập) giành quyền kiểm soát. Năm 1976, Việt Nam Dân chủ Cộng hòa và Cộng hoà miền Nam Việt Nam thống nhất thành Cộng hòa Xã hội chủ nghĩa Việt Nam.",Việt Nam Dân chủ Cộng hòa là nhà nước thiện chiến.,ngoai_lai,
79,viwikifc_train_1763,"Bệnn viêm gan siêu vi C mạn được xác định là nhiễm siêu vi viêm gan C hơn 6 tháng căn cứ trên sự hiện diện của ARN. Viêm mạn thường không có triệu chứng trong vài chục năm đầu, vì vậy thường phát hiện sau khi kiểm tra mức độ men gan tăng hoặc khi kiểm tra định kỳ những người có nguy cơ cao. Xét nghiệm không thể phân biệt được viêm cấp tính và viêm mạn tính.","Nếu nhiễm viêm gan C hơn 1 năm, người bệnh có thể đối mặt với các biến chứng nguy hiểm.",ngoai_lai,
80,viwikifc_train_11442,"Phần lớn chữ tục ở Hồng Kông và Đài Loan đến từ chữ bút giản hay chữ xưa lưu hành trong dân chúng. Có một ít giống hay gần như giống chữ Hán Tân tự thể của Nhật (Kanji) và chữ Hán giản thể của Trung Quốc. Ở Nhật, ngoài chữ Hán Tân tự thể chính thức, cũng có ""chữ lược"" (略字, ryakuji - ""lược tự"") dùng để ghi mau. Từng có đề nghị thống nhất chữ Hán giản thể của Trung Quốc và Nhật Bản, song không thực hiện được.",Việc thống nhất chữ Hán giản thể của Nhật và Trung Quốc hoàn toàn là điều bất khả thi.,ngoai_lai,
81,viwikifc_train_1788,"Có một số từ Hán Việt mang ý nghĩa đối với người Việt khác với tiếng Hán chính thống. Ví dụ như ngày nay trong tiếng Trung Quốc từ ""bác sĩ"" (chữ Hán: 博士) thường dùng để chỉ học vị ""tiến sĩ"", còn bác sĩ được gọi là ""y sinh"" (Hán văn phồn thể: 醫生, Hán văn giản thể: 医生) hoặc ""đại phu"" (Hán văn: 大夫, thường dùng trong khẩu ngữ).","""Y sinh"" và ""đại phu"" trong tiếng Trung Quốc ban đầu không phải để chỉ bác sĩ.",ngoai_lai,
82,viwikifc_train_14051,"Cạo đầu dâng thần thánhNgười dân ở một số vùng tại Ấn Độ tin rằng, cạo đầu dâng tóc cho thần thánh là để tỏ lòng biết ơn. Kỳ quặc hơn, người theo đạo Jain không chỉ cạo mà còn nhổ sạch tóc trên đầu bằng cách tự nhổ hoặc nhờ người khác nhổ cho. Mỗi năm họ làm từ 1-2 lần, để tự rèn luyện sức chịu đựng những cơn đau.",Mỗi dân tộc đều có những hình thức tín ngưỡng khác nhau để tạo nên nét đặc trưng của mình.,ngoai_lai,
83,viwikifc_train_9502,"Thành phần khí quyển có lẽ là nguyên nhân chủ yếu gây ra sự thay đổi, đặc biệt ở kỷ băng hà đầu tiên. Lý thuyết ""Quả cầu tuyết Trái Đất"" cho rằng những sự thay đổi về mức độ CO2 vừa là nguyên nhân gây ra, vừa là nguyên nhân làm kết thúc thời kỳ cực lạnh ở cuối Liên đại Nguyên Sinh (Proterozoic). Tuy nhiên, hai yếu tố còn lại cũng có liên quan tới sự kiện đó.","Sự tăng lên quá mức nồng độ CO2 trong không khí đã gây nên thời kỳ băng giá kéo dài, và đến khi hàm lượng CO2 quay về mức ổn định thì băng sẽ lui đi, kết thúc thời kỳ băng giá.",ngoai_lai,
84,viwikifc_train_1697,"Hoàng Hà là sông dài thứ hai ở Trung Quốc, đo được 5464 km. Ở vùng thượng lưu, sông chảy qua những hẻm núi sâu trước khi lượn quanh thành một vòng cung khổng lồ ôm lấy cao nguyên Hoàng Thổ. Đoạn sông này cuốn theo lượng đất vàng dưới dạng phù sa trên hành trình ra biển. Với nguồn đất đó, Hoàng Hà là con sông nặng phù sa nhất thế giới; mỗi năm tải tới 1,6 tỷ tấn phù sa. Ở hạ lưu lòng sông bị bồi cao nên có đoạn lòng sông còn cao hơn vùng đồng bằng xung quanh đến 10m. Địa hình tiêu biểu của bình nguyên Hoa Bắc là hệ thống đê điều dài 700 km chạy dọc hai bên bờ Hoàng Hà.",Các vùng đất đồng bằng mà Hoàng Hà chảy qua có đặc điểm đất phù sa giàu dinh dưỡng có thể được trôi đi bởi dòng chảy mạnh của sông.,ngoai_lai,
85,viwikifc_train_5113,"Từ khi Malacca thất thủ vào năm 1511, các thương nhân Bồ Đào Nha tiến hành giao dịch đều đặn với Borneo, đặc biệt là với Brunei từ năm 1530. Khi đến thăm kinh đô của Brunei, người Bồ Đào Nha mô tả địa điểm có tường đá bao quanh. Mặc dù Borneo được cho là giàu có, song người Bồ Đào Nha không tiến hành nỗ lực nào để chinh phục đảo. Người Tây Ban Nha đến Brunei kéo theo chiến tranh Castilla vào năm 1578. Người Anh bắt đầu buôn bán với Vương quốc Sambas tại miền nam Borneo vào năm 1609, còn người Hà Lan thì bắt đầu buôn bán vào năm 1644: với các vương quốc Banjar và Martapura cũng ở miền nam Borneo. Người Hà Lan nỗ lực định cư trên đảo Balambangan ở phía bắc Borneo vào nửa sau thế kỷ XVIII, song họ rút lui vào năm 1797. Năm 1812, quốc vương tại miền nam Borneo nhượng công sự của mình cho Công ty Đông Ấn Anh. Người Anh dưới quyền lãnh đạo của Stamford Raffles sau đó đã cố can thiệp tại Sambas song thất bại. Mặc dù họ đánh bại được vương quốc này vào năm sau và tuyên bố phong toả toàn bộ các cảng tại Borneo ngoại trừ Brunei, Banjarmasin và Pontianak, song kế hoạch bị Toàn quyền Anh tại Ấn Độ là Huân tước Minto đình chỉ do quá tốn kém. Vào lúc bắt đầu công cuộc người Anh và người Hà Lan khám phá đảo, họ mô tả đảo Borneo toàn là những kẻ săn đầu người, cư dân bản địa tại nội lục tiến hành việc ăn thịt người, và vùng biển quanh đảo bị hải tặc cướp phá, đặc biệt là khu vực giữa đông bắc Borneo và miền nam Philippines. Các hải tặc người Mã Lai và Dayak Biển từ hang ổ tại Borneo đã cướp bóc tàu biển trên hành trình giữa Singapore và Hồng Kông, cùng với đó là các cuộc tấn công của các hải tặc Sulu từ miền nam Philippines, như trong trận chiến ngoài khơi Mukah.","Các hải tặc người Mã Lai và Dayak Biển từ hang ổ tại Borneo đã cướp bóc tàu biển trên hành trình giữa Singapore và Hồng Kông, cùng với đó là các cuộc tấn công của các hải tặc Sulu từ miền nam Philippines, như trong trận chiến ngoài khơi Mukah xảy ra vào cuối năm 1820.",ngoai_lai,
86,viwikifc_train_1083,"IDU là yếu tố nguy cơ chính gây viêm gan siêu vi C ở nhiều nơi trên thế giới. Xem xét 77 nước thì thấy 25 nước (trong đó có Mỹ) có tỉ lệ viêm gan siêu vi C từ 60% đến 80% ở đối tượng chích ma túy. Và 12 nước có tỉ lệ mắc bệnh cao hơn 80%. Có 10 triệu người tiêm chích ma túy được cho là bị nhiễm bệnh viêm gan siêu vi C; Trung Quốc (1.6 triệu), Mỹ (1.5 triệu), và Nga (1.3 triệu) có tổng cộng số người tiêm chích bị nhiễm bệnh nhiều nhất. Nhiễm bệnh viêm gan siêu vi C ở những bạn tù tại Mỹ cao gấp 10 đến 20 lần so với dân số chung; điều này được cho là do hành vi mang tính nguy cơ cao ở trong tù, chẳng hạn như tiêm chích ma túy và xăm hình bằng dụng cụ không vô trùng.",Việc xăm mình gây nên viêm gan C là do máu bị nhiễm khuẩn.,ngoai_lai,
87,viwikifc_train_13077,"Nông nghiệp Sumerian phát triển trên lưu vực sông Tigris và sông Euphrates. Lương thực dư thừa dẫn đến phân công lao động, không cần phải ai cũng tham gia vào nông nghiệp, cuối cùng hình thành các tầng lớp xã hội. Trên là vua Sumerian, thầy tế, và quan chức chính quyền dưới là các người phụ việc, thương gia, nông dân, ngư dân. Đáy xã hội là những người nô lệ. Nô lệ thường là một phạm nhân, tù nhân, hoặc những người trong nợ nần.",Các tầng lớp xã hội dẫn đầu là vua rồi đến thầy bùa.,ngoai_lai,
88,viwikifc_train_11504,"Đặc điểm của phong kiến Trung Quốc là các triều đại thường lật đổ nhau trong bể máu và giai cấp giành được quyền lãnh đạo thường phải áp dụng các biện pháp đặc biệt để duy trì quyền lực của họ và kiềm chế triều đại bị lật đổ. Chẳng hạn như nhà Thanh của người Mãn Châu sau khi chiếm được Trung Quốc thường áp dụng các chính sách hạn chế việc người Mãn Châu bị hòa lẫn vào biển người Hán vì dân họ ít. Tuy thế, những biện pháp đó đã tỏ ra không hiệu quả và người Mãn Châu cuối cùng vẫn bị văn hóa Trung Quốc đồng hóa.",Người Mãn Châu được coi là tầng lớp cai trị và được đặc quyền hơn so với người Hán.,ngoai_lai,
89,viwikifc_train_7176,"Theo Hiến pháp 1998, tổ chức của chính quyền Triều Tiên theo chính thể cộng hòa, được phân thành ba nhánh Lập pháp, Hành pháp và Tư pháp. Hội đồng Nhân dân Tối cao (최고인민회의, Choego Inmin Hoeui), tức Quốc hội, theo Hiến pháp là cơ quan quyền lực cao nhất của nhà nước, nắm quyền Lập pháp. Các đại biểu của Hội đồng (hiện tại gồm 687 thành viên) được bầu cử phổ thông theo thời hạn 5 năm. Hai kỳ mỗi năm, Hội đồng Nhân dân Tối cao được triệu tập, mỗi kỳ chỉ kéo dài vài ngày; thường thì để phê chuẩn những quyết định do lãnh đạo của KWP đưa ra. Nghị trưởng Hội đồng Nhân dân Tối cao hiện nay là ông Pak Thae-song.",Viện kiểm sát nắm quyền Hành pháp là cơ quan có quyền lực chỉ sau Quốc hội.,ngoai_lai,
90,viwikifc_train_12971,"Rừng mưa Borneo được ước tính có niên đại khoảng 140 triệu năm, vì vậy nó là một trong các rừng mưa cổ nhất trên thế giới. Đây là trung tâm của sự tiến hoá và phân tán của nhiều loài động thực vật đặc hữu, và rừng mưa là một trong số ít môi trường sống tự nhiên còn lại của loài đười ươi Borneo đang gặp nguy hiểm. Đây cũng là một nơi trú ẩn quan trọng của nhiều loài động vật rừng đặc hữu, bao gồm voi Borneo, tê giác Borneo, báo gấm Borneo, cầy cọ hose và dơi quả dayak.","Rừng mưa Borneo được ước tính có niên đại khoảng 140 triệu năm, là nơi trú ẩn duy nhất của loài đười ươi Borneo và là một trong các rừng mưa cổ nhất trên thế giới.",noi_tai,
91,viwikifc_train_15670,"Tư tưởng Nguyễn Trãi xuất phát từ Nho giáo, mà cụ thể là Nho giáo Khổng Tử. Ông đã vận dụng xuất sắc các tư tưởng Nho giáo vào công cuộc khởi nghĩa, chống lại sự thống trị của nhà Minh lên Việt Nam cũng như trong công cuộc xây dựng đất nước thời kì đầu nhà Hậu Lê. ","Nguyễn Trãi (1380-1442) là một nhà văn, nhà ngoại giao và tư tưởng lớn của Việt Nam trong lịch sử.",ngoai_lai,
92,viwikifc_test_679,"Các thành phố nằm trên bờ biển này là Karachi và Gwadar của Pakistan, Mumbai (Bombay), Surat, Panjim, Mangalore và Cochin của Ấn Độ, Aden của Yemen, Salalah của Oman, Chabahar của Iran, Mogadishu của Somalia và Colombo của Sri Lanka.",Thành phố Cochin của Ấn Độ từng xảy ra chiến sự với Mumbai.,ngoai_lai,
93,viwikifc_train_9192,"Đến cuối năm 2019, mạng lưới đường sắt cao tốc ở Trung Quốc đã có tổng chiều dài hơn 35.000 km (21.748 dặm), trở thành mạng lưới đường sắt cao tốc dài nhất thế giới . Các chuyến tàu trên tuyến Bắc Kinh – Thượng Hải, Bắc Kinh – Thiên Tân và Thành Đô – Trùng Khánh đạt vận tốc lên tới 350 km /h (217 dặm / giờ). Tuyến đường sắt cao tốc Bắc Kinh – Quảng Châu – Thâm Quyến là tuyến đường sắt dài nhất thế giới và tuyến đường sắt cao tốc Bắc Kinh - Thượng Hải có ba cây cầu đường sắt dài nhất thế giới. Tàu đệm từ Thượng Hải, đạt vận tốc 431 km / h (268 mph), là dịch vụ tàu thương mại nhanh nhất thế giới.",Đường sắt cao tốc ở Trung Quốc được xem là một trong những hệ thống đường sắt vượt trội về chất lượng phục vụ.,ngoai_lai,
94,viwikifc_train_13499,"Sự triệt tiêu gần như hoàn toàn chủ nghĩa tư bản tư nhân chính là điều được hệ tư tưởng chính thống coi là 1 tiêu chuẩn chủ yếu, thậm chí là tiêu chuẩn chủ yếu nhất của chủ nghĩa xã hội. Về tư tưởng, chỉ có sở hữu nhà nước và sở hữu hợp tác xã mới được công nhận là xã hội chủ nghĩa.",Tư bản chủ nghĩa không được công nhận trong nền chủ nghĩa xã hội vì nó nằm ngoài quyền kiểm soát của nhà nước.,ngoai_lai,
95,viwikifc_train_14133,"Cuối thời nhà Thanh, do sự lạc hậu về khoa học công nghệ, Trung Quốc bị các nước phương Tây (Anh, Đức, Nga, Pháp, Bồ Đào Nha) và cả Nhật Bản xâu xé lãnh thổ. Các nhà sử học Trung Quốc gọi thời kỳ này là Bách niên quốc sỉ (100 năm đất nước bị làm nhục). Chế độ quân chủ chuyên chế đã tỏ ra quá già cỗi, hoàn toàn bất lực trong việc bảo vệ đất nước chống lại chủ nghĩa tư bản phương Tây. Điều này gây bất bình trong đội ngũ trí thức Trung Quốc, một bộ phận kêu gọi tiến hành cách mạng lật đổ chế độ quân chủ chuyên chế của nhà Thanh, thành lập một kiểu nhà nước mới để canh tân đất nước. Năm 1911, cách mạng Tân Hợi nổ ra, hoàng đế cuối cùng của Trung Quốc là Phổ Nghi buộc phải thoái vị.",Cách mạng Tân Hợi đã lật đổ chế độ quân chủ chuyên chế của nhà Thanh và thành lập Cộng hoà Trung Hoa mới.,ngoai_lai,
96,viwikifc_train_7401,"Như các quốc gia Cộng sản khác, ngành Tư pháp Triều Tiên được phân làm hai nhánh Kiểm sát và Tòa án. Tại trung ương có Trung ương Kiểm sát sở (중앙검찰소, Jungang Keomchalso) và Trung ương Thẩm phán sở (중앙재판소, Jungang Jaepanso), đứng đầu bởi các Sở trưởng (소장, Sojang). Dưới cấp Trung ương có các cơ quan địa phương lầm lượt gồm cấp tỉnh, thành phố, quận và cơ quan đặc biệt, trực thuộc quyền của các Sở trung ương.","Như các quốc gia Cộng sản khác, ngành Tư pháp Triều Tiên được phân làm hai nhánh và Lập pháp, Hành pháp chia làm 2 cấp chính.",ngoai_lai,
97,viwikifc_train_10381,"Ngày 14 tháng 10 năm 1950: Chính phủ Pháp chính thức chuyển giao quyền kiểm soát quần đảo Trường Sa và quần đảo Hoàng Sa cho chính phủ Quốc gia Việt Nam, do Bảo Đại đứng đầu.",Việt Nam là quốc gia có dân tộc yêu thương nhau nhất và đoàn kết nhất.,ngoai_lai,
98,viwikifc_test_2081,"Mấy năm gần đây Nhật Bản thi hành chính sách sáp nhập thị đinh thôn, số lượng đinh thôn đã giảm nhiều. Hiện nay để giảm bớt sự tập trung một cực của Tōkyō và tăng cường phân quyền địa phương, Nhật Bản đang nghiên cứu bỏ đô đạo phủ huyện, chuyển sang chế độ đạo châu (thảo luận chế độ đạo châu Nhật Bản). Năm 1968, Nhật Bản ban hành chế độ mã số bưu chính đoàn thể công khai địa phương. Hiện thời đô đạo phủ huyện và các thị đinh thôn đều có mã số bưu chính của mình. Mã số bưu chính của đô đạo phủ huyện ăn khớp với tiêu chuẩn quốc tế ISO 31166-2:JP.",Các thị đinh thôn không thể dùng mã số bưu chính để gửi hàng.,ngoai_lai,
99,viwikifc_train_9366,"Tại Châu Âu, do tính chất kiêm nhiệm đặc trưng, mà một người là vua đồng thời của nhiều quốc gia, như Nữ vương của nước Anh là Elizabeth II, là đồng thời là Nữ vương của 16 nước khác trong khối Thịnh vượng Chung. Lại có hình thức một quốc gia là liên minh của nhiều Tiểu vương quốc (hay Tiểu bang), với mỗi tiểu quốc / tiểu bang ấy là do một vị vua đứng đầu, và các vị vua này sẽ bầu chọn người là Vua của tất cả các vua, thống trị của liên bang ấy, nền chính trị này vẫn còn tồn tại ở Malaysia, Các Tiểu vương quốc Ả Rập thống nhất.",Elizabeth II chỉ làm Nữ vương duy nhất của nước Anh.,ngoai_lai,
100,viwikifc_dev_1102,"9 đơn vị hành chính cấp địa khu này được chia thành 85 đơn vị hành chính cấp huyện, gồm 26 quận, 14 thành phố cấp huyện (huyện cấp thị), và 45 huyện. Các đơn vị hành chính cấp huyện này lại được nhỏ thành 1107 đơn vị hành chính cấp hương, gồm 605 thị trấn (trấn), 328 hương, 18 hương dân tộc, và 156 nhai đạo.","85, 26, 14 và 45 tương ứng với đơn vị hành chính cấp huyện, quận, thành phố cấp huyện, huyện mà 9 đơn vị hành chính cấp địa khu này đã chia thành.",khong,
101,viwikifc_train_1182,"Khi trở về nước năm 1932, Bảo Đại đã mong muốn cải cách xã hội Việt Nam nhưng phong trào này đã chết yểu bởi sự đối địch với các quan Thượng thư của ông như Phạm Quỳnh và Ngô Đình Khả, cũng như sự chống đối của giới bảo thủ và chính phủ bảo hộ Pháp. Nhà vua nản lòng sớm, chuyển sang tiêu khiển bằng bơi thuyền và săn bắn. Trước thực tế nhà Nguyễn không còn khả năng chống Pháp, nhiều đảng phái cách mạng được tổ chức để đánh đuổi người Pháp. Việt Nam chi bộ của hội Á Tế Á Áp bức Nhược tiểu Dân tộc do Nguyễn Ái Quốc thành lập ở Quảng Đông. Năm 1926, Tân Việt Cách mạng Đảng hoạt động ở Hà Tĩnh và Sài Gòn. Năm 1927, Phạm Tuấn Tài, Hoàng Phạm Trân, Nguyễn Thái Học lập ra Việt Nam Quốc dân Đảng. Năm 1928, Tạ Thu Thâu và Nguyễn An Ninh lập Đệ tứ Quốc tế. Năm 1930, Việt Nam Cách mạng Đồng chí Hội đổi ra Đông Dương Cộng sản Đảng.",Phong trào đấu tranh cho độc lập quốc gia của Việt Nam tiếp tục phát triển và được duy trì cho đến khi Việt Nam giành được độc lập vào năm 1954.,ngoai_lai,
102,viwikifc_test_164,"Các sử gia xem thời kỳ hiện đại của Ấn Độ bắt đầu từ giai đoạn 1848–1885. Việc bổ nhiệm James Broun-Ramsay làm Toàn quyền của Công ty Đông Ấn Anh vào năm 1848 chuẩn bị cho những thay đổi cốt yếu đối với một quốc gia hiện đại. Chúng bao gồm củng cố và phân ranh giới chủ quyền, sự giám sát của người dân, và giáo dục cho công dân. Các biến đổi về công nghệ như đường sắt, kênh đào, và điện báo được đưa đến Ấn Độ không lâu sau khi chúng được giới thiệu tại châu Âu. Tuy nhiên, sự bất mãn đối với Công ty cũng tăng lên trong thời kỳ này, và Khởi nghĩa Ấn Độ 1857 bùng nổ. Cuộc khởi nghĩa bắt nguồn từ những oán giận và nhận thức đa dạng, bao gồm cải cách xã hội kiểu Anh, thuế đất khắc nghiệt, và đối đãi tồi của một số địa chủ giàu có và phiên vương, nó làm rung chuyển nhiều khu vực ở bắc bộ và trung bộ Ấn Độ và làm lung lay nền móng của Công ty Đông Ấn Anh. Mặc dù cuộc khởi nghĩa bị đàn áp vào năm 1858, song nó khiến cho Công ty Đông Ấn Anh giải thể và Chính phủ Anh Quốc từ đó trực tiếp quản lý Ấn Độ. Những người cai trị mới công bố một nhà nước nhất thể và một hệ thống nghị viện từng bước theo kiểu Anh song có hạn chế, nhưng họ cũng bảo hộ các phó vương và quý tộc địa chủ nhằm tạo ra một thế lực hộ vệ phong kiến để chống lại bất ổn trong tương lai. Trong các thập niên sau đó, hoạt động quần chúng dần nổi lên trên khắp Ấn Độ, cuối cùng dẫn đến việc thành lập Đảng Quốc đại Ấn Độ vào năm 1885.",Thời kỳ hiện đại của Ấn Độ được các nhà chính trị gia xem như bắt đầu từ giai đoạn 1848-1885.,ngoai_lai,
103,viwikifc_dev_1136,"Sau lần sửa đổi Hiến pháp mới nhất vào giữa năm 2019, Ủy ban Thường vụ đã trở về đơn thuần là 1 cơ quan thường trực của Hội đồng nhân dân tối cao như trước đây và Ủy viên trưởng Ủy ban Thường vụ không còn đảm nhận một số chức năng của nguyên thủ quốc gia nữa. Với cương vị là Chủ tịch Ủy ban Quốc vụ trực thuộc Hội đồng nhân dân tối cao, ông Kim Jong-un được Hiến pháp năm 2019 ghi nhận là: ""người đại diện tối cao của toàn bộ người dân Triều Tiên"", có quyền ban hành các sắc lệnh lập pháp, các nghị định và quyết định lớn của quốc gia, bổ nhiệm hoặc triệu hồi các phái viên ngoại giao của Triều Tiên tại nước ngoài . Điều này cũng đồng nghĩa với việc ông Kim Jong-un chính thức là Nguyên thủ quốc gia của Triều Tiên.",Sau lần Hiến pháp mới nhất vào giữa năm 2019 còn có một sự kiện khác diễn ra đó là ông Kim Jong Un chính thức làm chủ tịch nước.,ngoai_lai,
104,viwikifc_test_1735,"Đáp ứng điều trị có khác nhau tùy theo genotype. Có 40-50% số bệnh nhân nhiễm HCV genotype 1 đáp ứng lâu dài với 48 tuần điều trị. Có 70-80% bệnh nhân nhiễm HCV genotype 2 và 3 đáp ứng lâu dài với 24 tuần điều trị. Có khoảng 65% số bệnh nhân nhiễm genotype 4 đáp ứng lâu dài với 48 tuần điều trị. Hiếm thấy hiệu quả trong điều trị bệnh genotype 6, và hiệu quả cho thấy trong 48 tuần điều trị với liều giống như liều cho bệnh genotype 1.",Có tầm 65% số người bệnh mắc genotype 4 thích nghi với gần 50 tuần điều trị.,noi_tai,
105,viwikifc_train_726,"Dưới cấp tỉnh và thành phố trực thuộc trung ương là cấp quận, huyện, thị xã và thành phố thuộc tỉnh (gọi chung là cấp huyện). Tính đến tháng 1 năm 2021, Việt Nam có 705 đơn vị cấp quận/huyện/thị xã/thành phố thuộc tỉnh/thành phố thuộc thành phố trực thuộc trung ương.",Có 4 thành phố trực thuộc trung ương.,ngoai_lai,
106,viwikifc_train_6756,"Đầu năm 2010, tại Trung Quốc xuất bản cuốn sách ""Trung Quốc mộng"" của Đại tá Lưu Minh Phúc, giảng viên Đại học Quốc phòng Bắc Kinh, gây tiếng vang trong và ngoài nước. Tác giả đã có những so sánh, phân tích và những bước đi để Trung Quốc thực hiện Giấc mộng Trung Hoa – siêu cường số một thế giới. Tác giả phân tích: muốn đất nước trỗi dậy tất phải có ""chí lớn"", nước lớn không có chí lớn tất sẽ suy thoái, nước nhỏ mà có chí lớn cũng có thể trỗi dậy. Sự chuẩn bị về ""chí hướng"" là không thể thiếu được đối với người Trung Quốc. Trong Chương IV, tác giả cho rằng cần phải xây dựng ""Trung Quốc vương đạo"" kế thừa truyền thống Trung Hoa, lấy đó làm nguồn sức mạnh cho văn hóa, đạo đức và ""ảnh hưởng mềm"" của Trung Quốc trên thế giới. Văn minh Trung Hoa có bề dày lịch sử lâu đời bậc nhất trên thế giới, cần phải phân tích những bài học trị quốc trong lịch sử, đồng thời phải luôn tâm niệm ""vương đạo"" là: ""không chèn ép bốn bể, không ức hiếp lân bang, hùng cường nhưng không ngang ngược, lớn mạnh nhưng không xưng bá"".","Trong chương V, tác giả đã cho ta biết nguồn gốc sức mạnh cho văn hóa, đạo đức và ""ảnh hưởng mềm"" của Trung Quốc.",noi_tai,
107,viwikifc_train_3502,"Theo lý thuyết của Isaac Newton mọi vật có khối lượng đều có quán tính (định luật 1 và 2 của Newton, xem thêm trang cơ học cổ điển), do đó cũng có thể nói mọi dạng thực thể của vật chất trong tự nhiên đều có quán tính.",Lý thuyết của Isaac Newton cho biết mọi vật có khối lượng đều có quán tính nên mọi dạng thực thể của vật chất trong tự nhiên đều có quán tính nhưng điều này bị chứng minh là không hoàn toàn đúng vào thế kỷ 19.,ngoai_lai,
108,viwikifc_train_8580,"Ấn Độ là nơi có hai nhóm ngôn ngữ lớn: Ấn-Arya (74% cư dân nói) và Dravidia (24%). Các ngôn ngữ khác được nói tại Ấn Độ thuộc các ngữ hệ Nam Á và Tạng-Miến. Ấn Độ không có ngôn ngữ quốc gia. Tiếng Hindi có số lượng người nói lớn nhất và là ngôn ngữ chính thức của chính phủ. Tiếng Anh được sử dụng rộng rãi trong kinh doanh và hành chính và có địa vị ""ngôn ngữ phó chính thức""; và có vị thế quan trọng trong giáo dục, đặc biệt là trong môi trường giáo dục đại học. Mỗi bang và lãnh thổ liên bang có một hoặc nhiều hơn các ngôn ngữ chính thức, và hiến pháp công nhận cụ thể 21 ""ngôn ngữ xác định"" (scheduled languages). Hiến pháp công nhận 212 nhóm bộ lạc xác định, họ chiếm tỷ lệ 7,5% trong dân số quốc gia. Điều tra dân số năm 2001 đưa ra số liệu là 800 triệu người Ấn Độ (80,5% tổng dân số) là tín đồ Ấn Độ giáo, Ấn Độ giáo do vậy là tôn giáo lớn nhất tại Ấn Độ, sau đó là Hồi giáo (13,4%), Kitô giáo (2,3%), Sikh giáo (1,9%), Phật giáo (0,8%), Jaina giáo (0,4%), Do Thái giáo, Hỏa giáo, và Bahá'í giáo. Ấn Độ có số tín đồ Ấn Độ giáo, Sikh giáo, Jaina giáo, Hỏa giáo, Bahá'í giáo đông nhất thế giới, và có số tín đồ Hồi giáo lớn thứ ba thế giới, đồng thời là quốc gia có đông người Hồi giáo nhất trong số các quốc gia mà họ không chiếm đa số.",Sự phát triển về hệ thống giáo dục của Ấn Độ đang là một vấn đề lớn của đất nước.,ngoai_lai,
109,viwikifc_train_1552,"Kể từ khi bắt đầu tự do hóa kinh tế vào năm 1978, Trung Quốc nằm trong số các nền kinh tế tăng trưởng nhanh nhất trên thế giới, dựa ở mức độ lớn vào tăng trưởng do đầu tư và xuất khẩu. Trong gần 30 năm từ năm 1978, GDP của Trung Quốc đã tăng 15 lần, sản xuất công nghiệp tăng hơn 20 lần; kim ngạch thương mại tăng hơn 100 lần. Vào năm 1992, Trung Quốc vẫn còn xếp thứ 133 thế giới về GDP bình quân đầu người, với hơn một nửa dân số sống dưới mức 2 USD/ngày, nhưng dự kiến tới năm 2022, Trung Quốc sẽ tăng 74 bậc (lên hạng 59 thế giới) trong xếp hạng về GDP bình quân đầu người, và chỉ còn chưa đầy 2% dân số Trung Quốc sống dưới chuẩn nghèo của thế giới.",Trung Quốc đã có sự phát triển GDP bình quân đầu người lớn khi tăng 74 bậc trong bảng xếp hạng thế giới từ hạng 133 lên hạng 54 và có mức độ lớn vào tăng trưởng do dầu tư và xuất khẩu.,noi_tai,
110,viwikifc_train_3488,"Trong thời gian này, chính phủ Việt Nam Cộng hòa luôn tuyên bố và duy trì các quyền chủ quyền của mình một cách liên tục đối với hai quần đảo Hoàng Sa và Trường Sa bằng các hoạt động nhà nước.",Việt Nam Công Hòa được thành lập và chính thức đổi tên năm 1975.,ngoai_lai,
111,viwikifc_train_2442,"Quảng Nam có lực lượng lao động dồi dào, với trên 887,000 người (chiếm 62% dân số toàn tỉnh), trong đó lao động ngành nông nghiệp chiếm 61,57%, ngành công nghiệp và xây dựng là 16,48% và ngành dịch vụ là 21,95%.","Quảng Nam có lực lượng dồi dào với trên 887,000 người phát triển vùng đồng bằng ven biển nên phần lớn lao động dùng trong ngành nông nghiệp.",ngoai_lai,
112,viwikifc_train_9990,"Một trong những thành quả Gia Long đạt được sau nhiều năm nội chiến với Tây Sơn là quân đội mạnh với trang bị và tổ chức kiểu phương Tây. Sau khi làm chủ toàn bộ quốc gia, nhà Nguyễn xây dựng quân đội hoàn thiện hơn, chính quy hơn. Để sung binh ngạch mới, vua Gia Long cho thực hiện phép giản binh, theo hộ tịch tùy nơi mà định, lấy 3, 5 hay 7 suất đinh tuyển 1 người lính. Quân chính quy đóng tại kinh thành và những nơi xung yếu; các địa phương đều có lực lượng vũ trang tại chỗ làm nhiệm vụ trị an. Quân chính quy có 14 vạn người, ngoài ra còn có quân trừ bị. Quân đội còn được tổ chức thành 4 binh chủng: bộ binh, tượng binh, thủy binh và pháo binh, trong đó bộ binh và thủy binh được chú trọng xây dựng để tác chiến độc lập. Trình độ chính quy thống nhất cao. Ngoài vũ khí cổ truyền, quân chính quy được trang bị hỏa khí mua của phương Tây như đại bác, súng trường, thuyền máy, thuốc nổ... Các loại súng thần công, đại bác được đúc với kích thước, trọng lượng thống nhất; thành lũy, đồn to nhỏ cũng được quy định cho từng cấp với số lượng quân nhất định.",Quân chính quy đóng tại kinh thành và những nơi xung yếu do tướng quân chỉ đạo.,ngoai_lai,
113,viwikifc_test_1101,"Tính đến năm 2017, Trung Quốc có 220 cảng hàng không thương mại, và trên hai phần ba số cảng hàng không được xây dựng trên toàn cầu trong năm 2013 là tại Trung Quốc, và Boeing cho rằng phi đội thương mại hoạt động tại Trung Quốc sẽ tăng từ 1.910 trong năm 2011 lên 5.980 vào năm 2031. Khoảng 80% không phận của Trung Quốc vẫn bị hạn chế cho sử dụng quân sự, và các hãng hàng không Trung Quốc chiếm tám trong số mười hãng hàng không châu Á tệ nhất về phương diện trì hoãn. Trong năm 2013, Sân bay quốc tế Thủ đô Bắc Kinh xếp hạng nhì thế giới về vận chuyển hành khách.",Hầu hết không phận của Trung Quốc được sử dụng quân sự.,khong,
114,viwikifc_train_13960,"Trước khi Raffles đến, chỉ có xấp xỉ 1.000 người sống trên đảo, hầu hết là người Mã Lai bản địa cùng với một số người Hoa. Rất nhanh chóng, kể từ năm 1830, nước Anh đổ tiền bạc để biến đây trở thành hải cảng thương mại chính ở vùng Đông Nam Á bởi 2 lợi thế then chốt so với những thành phố cảng thuộc địa và những cảng lớn khác ở khu vực. Thứ nhất: vị trí địa lý (hầu hết các thương thuyền qua lại giữa Trung Quốc, Ấn Độ và Châu Âu đều phải đi qua Singapore). Thứ hai: sự liên kết giữa Singapore với đế chế Anh (Trong thế kỷ thứ XIX, Anh Quốc là một cường quốc số 1 thế giới cả về kinh tế và số lượng thuộc địa). Sự phồn vinh của Singapore bắt nguồn từ những thuận lợi về địa lý và vị trí của nó trong hệ thống thuộc địa Anh.",Sự liên kết giữa Singapore và đế chế Anh lý do để Singapore trở thành vị trí then chốt.,noi_tai,
115,viwikifc_train_15328,"Dưới sự chiếm đóng của Đế quốc Nhật Bản, Singapore được đổi tên thành Syonanto (tiếng Nhật: 昭南島 - ""Chiêu Nam Đảo"", Hepburn: Shōnan-tō), là gọi tắt của 昭和に手に入れた南の島 (Shōwa ni te ni haireta Minami no Shima, ""Hòn đảo phía nam được sở hữu bởi Chiêu Hòa""). Singapore đôi khi được gọi bằng biệt danh ""Thành phố vườn"", liên quan đến các công viên và đường phố rợp bóng cây tại quốc gia này. Một tên khác, ""Little Red Dot"", được thông qua sau khi tổng thống Indonesia đương thời Bacharuddin Jusuf Habibie đã bỏ qua Singapore bằng cách đề cập đến một chấm đỏ trên bản đồ.",Đế quốc Nhật Bản là quốc gia duy nhất chiếm đóng Singapore.,ngoai_lai,
116,viwikifc_train_7618,"Nguyên nhân của các kỷ băng hà hiện vẫn đang gây tranh cãi cho cả các thời kỳ ""kỷ băng hà"" trên diện rộng và thời kỳ rút lui nhỏ hơn và sự tuần hoàn của các giai đoạn ""băng/gian băng"" bên trong một kỷ băng hà. Một sự đồng thuận chung cho rằng nó là sự tổng hợp của ba yếu tố khác nhau: thành phần khí quyển (đặc biệt là tỷ lệ của CO2 và mêtan), những thay đổi của quỹ đạo Trái Đất quanh Mặt Trời được gọi là các chu kỳ Milankovitch (và có lẽ là Quỹ đạo của Mặt Trời quanh Ngân Hà), và vị trí của các lục địa.","Dù nguyên nhân của các kỷ băng hà vẫn chưa có lời giải thích rõ ràng nhưng có một sự đồng thuận chung cho rằng nó là sự tổng hợp của ba yếu tố khác nhau: thành phần khí quyển, những thay đổi của quỹ đạo Trái Đất quanh Mặt Trời, và vị trí của các lục địa.",khong,
117,viwikifc_dev_496,"""Chúng tôi đã lầm rất lớn. Chúng tôi đã tưởng lợi dụng được một đế quốc chống một đế quốc khác, tranh thủ quyền lợi về ta, nhưng trái lại bọn Nhật đã lợi dụng chúng tôi, ít nhất cũng là về danh nghĩa. Đó là một bài học đau đớn!""Mới ra mắt được 4 tháng, ngày 5/8/1945, hàng loạt thành viên nội các Trần Trọng Kim xin từ chức: 3 bộ trưởng xin từ nhiệm, Bộ trưởng Vũ Ngọc Anh qua đời vì trúng bom máy bay Mỹ. Các bộ trưởng khác tuyên bố bản thân họ cũng bất lực, bởi không thể làm được việc gì nếu không được cố vấn tối cao Nhật Bản đồng ý, trong khi vua Bảo Đại chỉ lo ăn chơi, săn bắn mà không quan tâm đến chính trị. Trần Trọng Kim cố gắng liên hệ nhưng các nhân vật cấp tiến đều khước từ cộng tác, đến đầu tháng 8 thì chính Trần Trọng Kim cũng nản lòng. Ông nói mình bị ""tăng huyết áp"" và không ra khỏi nhà.",Trần Trọng Kim cố gắng liên hệ nhưng các nhân vật cấp tiến đều khước từ cộng tác nhưng ông vẫn không nản lòng.,noi_tai,
118,viwikifc_train_5032,"Wonsan là thành phố duyên hải nằm trên cung đường tới núi Kim Cương, nổi tiếng với ngọn thác Ullim. Ngoài ra, ở đây còn có thác Kuryong với 9 dòng đổ xuống chân núi. Dưới sức chảy liên tục của dòng thác, phía chân núi hình thành nên một đầm sâu. Tương truyền chín con rồng đã trú ngụ tại đây nên người ta gọi là đầm Cửu Long",Vào mùa khô đầm sâu là lựa chọn ưu tiên để người dân sử dụng vì dù là mùa nào thì dòng thác vẫn chảy một cách liên tục thành ra nước ngọt ở đầm không khi nào bị cạn.,ngoai_lai,
119,viwikifc_train_11777,"Những ngoại tộc ngoài nhóm Hoa Hạ, cũng có các tước vị riêng của mình, như Thiền vu, Khả hãn. Nơi giao thoa giữa Á-Âu là nước Nga, xuất hiện danh hiệu Tsar - hay được dịch thành [Sa Hoàng; 沙皇]. Tất cả tước vị trên đều ngang Hoàng đế của nhóm quốc gia Hoa Hạ.",Nhóm Hoa Hạ đã sử dụng tước vị chung là Hoàng đế còn đối với những ngoại tộc khác thì họ có các tước vị riêng là Thiền vu và Khả hãn.,noi_tai,
120,viwikifc_train_7225,"Sau khi thống nhất, Việt Nam tiếp tục gặp khó khăn do sự sụp đổ và tan rã của đồng minh Liên Xô cùng Khối phía Đông, các lệnh cấm vận của Hoa Kỳ, chiến tranh với Campuchia, biên giới giáp Trung Quốc và hậu quả của chính sách bao cấp sau nhiều năm áp dụng. Năm 1986, Đảng Cộng sản ban hành cải cách đổi mới, tạo điều kiện hình thành kinh tế thị trường và hội nhập sâu rộng. Cải cách đổi mới kết hợp cùng quy mô dân số lớn đưa Việt Nam trở thành một trong những nước đang phát triển có tốc độ tăng trưởng thuộc nhóm nhanh nhất thế giới, được coi là Hổ mới châu Á dù cho vẫn gặp phải những thách thức như tham nhũng, tội phạm gia tăng, ô nhiễm môi trường và phúc lợi xã hội chưa đầy đủ. Ngoài ra, giới bất đồng chính kiến, chính phủ một số nước phương Tây và các tổ chức theo dõi nhân quyền có quan điểm chỉ trích hồ sơ nhân quyền của Việt Nam liên quan đến các vấn đề tôn giáo, kiểm duyệt truyền thông, hạn chế hoạt động ủng hộ nhân quyền cùng các quyền tự do dân sự.","Tham nhũng là hành vi lợi dụng quyền hành để gây phiền hà, khó khăn và lấy của dân.",ngoai_lai,
